Index,Beats Per Minute (BPM),Energy,Danceability,Loudness (dB),Liveness,Valence,Length (Duration),Acousticness,Speechiness,Clusters
1,157,30,53,-14,11,68,201.0,94,3,4
2,135,79,50,-11,17,81,207.0,17,7,9
3,168,69,66,-9,7,52,341.0,2,17,1
4,173,96,43,-4,3,37,269.0,0,4,1
5,106,82,58,-5,10,87,256.0,1,3,9
6,99,46,54,-9,14,14,247.0,0,2,7
7,102,71,71,-6,13,54,257.0,6,3,2
8,137,96,37,-5,12,21,366.0,0,14,2
9,148,92,36,-4,10,23,223.0,0,8,1
10,112,67,91,-3,24,66,290.0,0,7,9
11,109,5,44,-16,11,31,162.0,88,4,3
12,124,46,74,-8,26,32,232.0,1,8,7
13,102,88,54,-6,53,59,214.0,2,3,5
14,117,93,38,-2,81,40,639.0,18,10,5
15,112,81,65,-5,14,82,173.0,0,3,9
16,133,42,42,-10,16,25,236.0,84,4,4
17,123,90,52,-7,7,36,288.0,0,6,2
18,127,54,38,-5,9,19,276.0,2,3,7
19,87,31,27,-13,63,12,352.0,1,3,7
20,74,65,62,-7,10,56,288.0,57,18,8
21,138,42,21,-9,11,12,296.0,16,3,7
22,142,51,60,-10,11,35,218.0,5,4,7
23,96,89,63,-6,9,81,176.0,5,3,9
24,138,99,51,-3,12,65,197.0,0,9,9
25,112,74,65,-7,23,52,261.0,18,3,2
26,130,48,55,-8,10,18,270.0,48,3,8
27,123,68,53,-4,12,55,298.0,0,4,2
28,148,76,91,-5,8,87,298.0,7,17,9
29,142,24,34,-11,12,19,259.0,92,4,4
30,154,70,68,-10,33,51,306.0,8,3,2
31,146,44,56,-7,11,21,310.0,73,2,4
32,181,59,56,-9,20,68,306.0,32,3,1
33,80,47,62,-6,11,33,211.0,31,3,8
34,88,20,73,-12,7,62,186.0,88,3,3
35,122,87,64,-3,29,45,185.0,49,12,2
36,119,53,68,-12,8,68,264.0,34,4,0
37,156,79,29,-6,8,51,290.0,0,4,1
38,152,81,32,-7,15,12,202.0,8,5,1
39,168,60,58,-6,48,65,263.0,0,5,5
40,72,21,46,-11,11,26,266.0,91,3,3
41,118,82,67,-9,5,78,629.0,3,8,9
42,138,64,71,-10,19,10,177.0,0,9,7
43,105,68,28,-9,14,49,237.0,0,4,2
44,186,99,38,-2,37,77,176.0,0,6,1
45,100,85,58,-5,9,58,197.0,11,3,2
46,168,57,38,-5,35,26,278.0,4,3,1
47,115,46,83,-10,70,88,331.0,48,6,6
48,75,64,37,-6,17,20,355.0,0,3,7
49,131,72,64,-7,14,80,213.0,1,4,9
50,76,77,46,-5,14,35,234.0,1,3,2
51,108,35,47,-11,8,28,216.0,72,3,3
52,194,43,35,-11,10,26,275.0,16,3,1
53,90,26,43,-13,9,27,259.0,95,5,3
54,122,77,30,-3,12,9,467.0,0,3,2
55,149,30,33,-7,11,14,243.0,78,3,4
56,92,76,52,-5,57,63,219.0,42,3,5
57,96,60,53,-6,11,35,305.0,0,2,2
58,123,59,48,-5,18,20,218.0,27,5,7
59,99,70,69,-6,16,48,214.0,22,3,2
60,124,59,47,-8,28,18,236.0,42,3,8
61,132,41,62,-14,10,51,215.0,7,3,0
62,86,56,44,-7,25,70,144.0,35,3,6
63,166,75,70,-9,19,91,195.0,13,10,9
64,176,74,66,-7,22,91,240.0,66,8,6
65,99,87,55,-6,17,54,234.0,1,3,2
66,103,86,63,-7,7,73,357.0,21,5,9
67,92,69,76,-5,57,73,297.0,3,5,5
68,105,73,68,-8,14,94,281.0,11,2,9
69,136,43,28,-7,6,7,219.0,28,3,7
70,81,65,50,-7,33,57,273.0,22,4,2
71,77,18,55,-11,11,9,212.0,89,3,3
72,171,58,51,-5,37,67,279.0,3,6,1
73,183,44,56,-8,12,44,288.0,29,3,1
74,178,68,30,-8,43,77,249.0,83,25,6
75,139,48,52,-8,9,46,247.0,3,3,7
76,131,80,75,-5,42,37,281.0,24,5,2
77,101,24,42,-11,19,30,229.0,82,5,3
78,110,96,43,-4,17,56,186.0,0,4,2
79,104,92,66,-6,61,46,229.0,38,17,5
80,159,67,43,-6,14,38,394.0,9,3,1
81,160,71,50,-8,43,33,375.0,8,5,1
82,88,32,52,-11,9,18,226.0,33,2,7
83,83,25,42,-14,11,21,219.0,84,3,3
84,79,60,56,-7,38,44,210.0,18,3,2
85,105,91,46,-4,36,61,258.0,2,6,2
86,160,85,55,-8,32,46,283.0,2,4,1
87,120,76,70,-5,13,68,210.0,12,6,9
88,100,55,59,-12,11,64,264.0,47,3,6
89,115,67,72,-12,5,65,231.0,6,4,0
90,145,91,38,-4,24,27,266.0,0,9,1
91,110,35,39,-10,11,16,306.0,67,3,3
92,132,55,85,-5,8,81,219.0,15,4,0
93,128,40,40,-9,9,22,240.0,3,3,7
94,130,70,52,-7,13,35,268.0,4,4,2
95,157,93,23,-5,93,28,403.0,29,17,5
96,160,74,27,-5,63,42,321.0,5,4,5
97,106,84,70,-5,12,89,219.0,0,5,9
98,61,13,27,-14,33,18,232.0,94,4,3
99,92,90,50,-7,15,67,275.0,1,6,9
100,112,81,53,-4,16,21,306.0,0,3,2
101,105,86,56,-6,21,40,217.0,1,6,2
102,104,44,29,-7,8,16,207.0,79,3,4
103,136,80,67,-5,6,79,211.0,1,3,9
104,162,62,32,-6,60,36,308.0,3,3,1
105,160,61,36,-6,11,49,237.0,54,4,8
106,93,37,48,-8,12,14,216.0,74,3,3
107,107,79,69,-4,58,75,206.0,6,17,5
108,101,69,62,-7,6,56,208.0,28,3,0
109,103,86,70,-4,10,89,298.0,2,3,9
110,122,49,35,-7,21,21,273.0,47,3,8
111,177,76,58,-6,25,66,201.0,16,12,1
112,94,84,52,-4,10,46,215.0,0,3,2
113,122,74,64,-4,10,36,263.0,27,4,2
114,68,72,60,-4,35,37,242.0,8,3,2
115,171,74,69,-5,36,6,326.0,1,26,1
116,75,67,30,-5,15,68,306.0,3,5,2
117,109,42,35,-8,10,27,199.0,30,3,7
118,123,72,82,-9,36,69,225.0,4,14,9
119,137,72,28,-5,20,17,231.0,1,4,1
120,129,82,53,-7,12,34,231.0,7,4,2
121,193,58,43,-5,19,27,193.0,4,30,1
122,85,76,37,-9,58,64,302.0,22,5,5
123,138,44,46,-9,10,15,294.0,66,3,4
124,79,36,53,-7,9,40,238.0,53,2,8
125,120,60,85,-12,19,87,433.0,6,4,0
126,99,77,65,-7,7,68,236.0,0,23,9
127,130,94,37,-5,19,37,256.0,0,7,2
128,125,41,67,-8,10,50,238.0,84,3,8
129,136,85,58,-6,79,58,302.0,53,5,5
130,126,95,51,-5,30,63,324.0,0,6,2
131,96,64,59,-10,9,49,256.0,9,3,2
132,119,38,52,-9,10,13,270.0,76,4,4
133,165,56,48,-6,18,54,154.0,32,3,1
134,58,40,25,-9,9,11,245.0,45,4,7
135,94,77,37,-6,9,42,248.0,18,7,2
136,103,81,71,-4,7,73,257.0,1,3,9
137,120,56,41,-11,16,16,311.0,1,3,7
138,91,63,67,-12,10,86,245.0,1,5,0
139,128,37,61,-9,11,35,226.0,84,3,4
140,75,92,51,-5,40,31,272.0,1,9,2
141,128,77,74,-6,51,61,289.0,9,3,5
142,139,77,55,-9,13,42,253.0,0,3,2
143,93,77,52,-11,6,93,181.0,14,6,9
144,89,47,86,-9,27,84,184.0,0,5,0
145,115,97,60,-6,13,72,212.0,0,5,9
146,171,20,34,-11,11,30,197.0,76,3,4
147,141,30,71,-12,10,48,203.0,44,3,8
148,173,55,34,-8,12,36,280.0,33,4,1
149,131,72,49,-6,31,87,146.0,39,5,6
150,124,55,50,-7,9,63,196.0,68,3,6
151,96,38,54,-7,8,39,204.0,52,3,8
152,101,78,44,-5,29,19,602.0,1,4,2
153,124,46,56,-7,10,19,245.0,72,3,8
154,121,41,83,-14,5,88,324.0,46,13,6
155,126,17,33,-14,32,19,259.0,86,4,3
156,127,56,61,-6,4,24,297.0,18,3,7
157,97,55,62,-8,30,31,270.0,19,2,7
158,99,48,59,-10,9,15,353.0,64,2,8
159,138,93,55,-4,9,81,189.0,4,4,9
160,136,93,66,-6,70,46,212.0,46,16,5
161,92,57,62,-8,11,34,243.0,10,3,7
162,129,39,59,-14,7,15,423.0,13,6,7
163,129,72,61,-8,36,80,218.0,29,3,9
164,130,32,53,-17,97,46,281.0,53,8,5
165,128,91,60,-4,12,41,305.0,0,8,2
166,79,27,19,-9,13,10,263.0,86,4,3
167,98,69,67,-7,10,83,213.0,6,3,9
168,123,69,69,-5,9,49,212.0,39,3,8
169,104,29,66,-11,11,30,233.0,87,3,3
170,112,8,53,-16,11,31,135.0,92,5,3
171,100,19,48,-15,11,6,141.0,99,5,3
172,110,33,63,-9,11,47,193.0,74,3,8
173,100,63,61,-5,10,33,241.0,43,3,8
174,173,30,32,-13,70,44,264.0,77,3,4
175,80,72,51,-6,6,47,262.0,27,6,2
176,190,76,79,-7,10,49,346.0,3,24,1
177,164,76,50,-8,14,58,248.0,0,3,1
178,92,57,26,-8,11,15,319.0,4,3,7
179,91,59,56,-10,23,48,284.0,28,3,8
180,114,83,42,-5,16,61,501.0,1,4,2
181,98,62,66,-9,7,66,256.0,51,3,6
182,109,78,70,-8,6,39,289.0,9,5,2
183,133,20,34,-14,34,7,287.0,13,3,7
184,115,72,53,-6,11,59,324.0,0,3,2
185,92,95,66,-5,14,52,229.0,13,11,2
186,138,56,74,-10,8,98,170.0,11,4,0
187,159,99,24,-4,83,37,187.0,1,10,5
188,138,55,59,-8,29,50,171.0,0,3,2
189,136,97,41,-4,11,35,218.0,0,5,2
190,120,69,79,-4,14,22,243.0,8,3,2
191,131,71,78,-9,6,61,414.0,46,19,6
192,115,70,73,-8,6,41,252.0,0,3,2
193,105,66,95,-4,5,76,284.0,3,6,9
194,159,64,52,-5,17,32,272.0,39,2,1
195,170,61,45,-7,9,48,209.0,2,3,1
196,112,59,30,-10,63,40,364.0,57,5,5
197,92,38,57,-10,13,53,208.0,85,3,8
198,122,87,55,-4,21,32,240.0,0,3,2
199,147,93,51,-3,9,31,297.0,13,7,2
200,105,44,29,-7,10,45,246.0,91,3,4
201,130,41,61,-9,23,23,223.0,54,3,8
202,138,85,60,-6,6,9,235.0,1,6,2
203,115,61,67,-11,11,67,181.0,41,3,6
204,120,92,67,-4,9,78,212.0,5,4,9
205,166,57,32,-5,11,38,212.0,38,3,1
206,133,81,86,-8,12,85,161.0,31,4,9
207,125,92,52,-7,2,73,234.0,2,5,9
208,170,66,46,-9,33,53,274.0,3,6,1
209,127,66,66,-10,8,84,225.0,12,10,0
210,162,33,56,-11,11,30,236.0,90,3,4
211,170,54,51,-7,9,28,241.0,31,4,1
212,117,75,61,-9,39,97,394.0,1,3,9
213,105,81,55,-5,10,15,286.0,2,3,2
214,91,94,62,-3,17,88,269.0,2,5,9
215,180,66,50,-9,21,89,240.0,33,4,6
216,116,62,49,-7,13,8,269.0,2,3,7
217,129,59,93,-12,11,96,219.0,43,5,6
218,135,75,51,-7,14,28,236.0,0,3,2
219,123,63,65,-7,28,71,172.0,78,3,6
220,80,77,78,-4,52,51,404.0,4,24,5
221,76,57,46,-4,11,10,239.0,58,3,8
222,124,33,76,-10,24,24,246.0,73,3,8
223,142,48,57,-6,10,16,244.0,26,3,7
224,124,46,53,-10,20,22,291.0,8,3,7
225,144,34,64,-11,11,55,251.0,91,3,4
226,144,55,54,-7,13,23,239.0,5,2,7
227,186,87,34,-3,13,27,260.0,8,8,1
228,70,59,43,-6,9,25,259.0,46,3,8
229,174,6,35,-17,10,30,190.0,98,4,4
230,114,60,88,-11,14,96,201.0,28,4,0
231,115,55,54,-7,12,48,237.0,53,4,8
232,98,50,52,-11,11,66,242.0,16,3,0
233,130,71,66,-7,7,86,122.0,0,9,9
234,95,26,47,-11,12,27,232.0,82,4,3
235,179,47,33,-9,32,43,336.0,60,3,4
236,180,66,51,-7,12,46,228.0,3,4,1
237,90,25,52,-10,14,14,222.0,22,3,7
238,113,95,22,-4,16,17,176.0,0,18,2
239,94,70,83,-3,13,80,273.0,11,20,9
240,173,66,43,-7,23,28,267.0,0,3,1
241,95,88,62,-5,7,86,184.0,27,3,9
242,113,55,67,-8,9,29,287.0,74,3,8
243,94,70,63,-5,8,53,261.0,17,2,2
244,169,65,26,-7,12,34,288.0,0,4,1
245,104,86,54,-6,72,75,177.0,11,3,5
246,111,87,60,-5,11,44,215.0,3,3,2
247,83,63,41,-7,8,44,220.0,51,7,8
248,175,79,35,-5,38,80,231.0,16,4,1
249,111,57,70,-8,11,71,236.0,1,3,0
250,123,73,49,-3,10,34,240.0,12,4,2
251,128,52,64,-10,11,36,270.0,57,3,8
252,184,82,26,-6,28,40,403.0,2,15,1
253,174,78,68,-6,8,87,270.0,3,8,9
254,73,18,26,-10,12,11,319.0,84,3,3
255,118,84,59,-6,9,43,237.0,0,6,2
256,133,88,46,-3,11,33,247.0,0,6,2
257,139,77,53,-7,6,86,139.0,0,5,9
258,123,34,45,-9,10,21,269.0,96,4,4
259,150,93,24,-3,97,23,185.0,36,8,5
260,98,35,54,-9,13,16,274.0,32,3,7
261,110,87,51,-5,33,43,233.0,1,5,2
262,145,59,43,-5,30,19,227.0,6,3,1
263,110,86,50,-4,64,24,186.0,0,4,5
264,134,36,67,-9,8,29,242.0,57,3,8
265,174,96,49,-2,46,81,277.0,3,39,9
266,79,64,47,-6,15,50,260.0,15,3,2
267,184,44,27,-9,10,8,252.0,41,3,4
268,129,51,69,-10,46,89,125.0,63,3,6
269,133,72,87,-10,18,97,229.0,9,5,9
270,110,76,50,-6,9,33,287.0,7,3,2
271,105,90,43,-4,12,60,335.0,12,5,2
272,79,48,48,-7,10,22,213.0,60,3,8
273,67,13,47,-14,9,36,281.0,93,8,3
274,118,73,45,-7,29,38,228.0,0,4,2
275,143,74,71,-8,10,64,231.0,26,4,9
276,109,58,74,-12,5,78,260.0,12,5,0
277,100,78,60,-6,11,42,256.0,1,3,2
278,139,77,44,-4,11,20,346.0,0,3,2
279,149,88,18,-4,32,39,226.0,0,5,1
280,80,97,73,-2,18,97,235.0,10,7,9
281,112,78,58,-5,8,60,281.0,28,4,9
282,81,41,66,-9,16,37,386.0,60,3,8
283,130,49,95,-8,23,59,376.0,1,23,0
284,98,73,60,-7,14,29,264.0,1,3,2
285,205,47,38,-12,9,31,190.0,34,5,1
286,100,83,71,-5,6,97,243.0,39,4,9
287,134,88,63,-5,17,49,242.0,4,4,2
288,127,93,42,-4,13,29,210.0,0,12,2
289,68,47,35,-9,66,20,150.0,94,4,3
290,115,89,74,-4,9,96,203.0,8,5,9
291,125,74,69,-6,8,84,197.0,15,3,9
292,171,64,46,-6,19,29,229.0,25,6,1
293,103,95,54,-4,38,78,174.0,0,4,9
294,90,39,53,-8,9,16,217.0,65,3,8
295,116,88,74,-6,42,33,317.0,0,4,2
296,90,52,63,-6,35,43,249.0,11,3,2
297,141,92,58,-5,20,77,177.0,0,6,9
298,87,68,57,-8,18,67,268.0,36,3,6
299,136,98,54,-8,8,52,225.0,17,5,2
300,87,65,61,-8,5,79,259.0,23,5,0
301,179,54,29,-8,12,16,251.0,29,4,1
302,111,84,62,-5,18,26,343.0,26,4,2
303,131,96,62,-5,51,97,217.0,13,4,9
304,149,81,52,-4,12,53,192.0,0,3,2
305,128,30,48,-9,11,30,281.0,85,4,4
306,96,63,66,-10,60,84,215.0,21,6,5
307,135,80,56,-8,9,58,245.0,0,6,2
308,110,78,65,-5,22,57,137.0,14,3,9
309,78,14,26,-14,10,14,345.0,87,3,3
310,131,90,61,-7,17,39,209.0,18,4,2
311,138,62,49,-7,11,42,242.0,9,3,1
312,123,93,45,-4,36,17,303.0,0,7,2
313,138,84,47,-4,16,48,220.0,0,3,2
314,106,68,38,-9,18,65,136.0,6,3,2
315,170,68,44,-7,9,19,295.0,46,3,1
316,100,63,63,-12,4,87,245.0,4,7,0
317,140,82,42,-4,15,63,194.0,0,6,2
318,122,97,45,-5,10,20,217.0,3,11,2
319,74,63,46,-7,40,59,239.0,9,2,2
320,186,40,32,-9,22,23,296.0,63,4,4
321,81,56,37,-11,97,42,224.0,75,5,5
322,124,56,80,-10,6,96,204.0,9,4,0
323,108,75,62,-6,11,83,226.0,41,3,6
324,76,58,35,-8,12,11,223.0,6,4,7
325,150,81,49,-5,12,25,252.0,4,8,1
326,136,93,54,-6,36,45,246.0,1,5,2
327,164,54,78,-6,22,68,274.0,3,6,0
328,150,92,35,-2,34,54,226.0,0,5,1
329,87,78,36,-8,38,58,236.0,1,4,2
330,122,67,63,-7,28,48,298.0,64,3,8
331,130,70,79,-10,8,86,451.0,0,6,9
332,120,49,60,-7,12,9,270.0,50,3,8
333,72,87,43,-3,40,73,214.0,5,7,9
334,144,44,47,-11,32,31,281.0,60,4,4
335,151,46,69,-8,11,72,242.0,60,5,6
336,98,68,62,-6,8,41,190.0,35,2,8
337,117,18,54,-13,11,13,343.0,75,5,3
338,100,80,71,-6,8,63,259.0,1,4,9
339,135,77,47,-7,11,9,347.0,6,5,2
340,75,41,33,-7,10,7,276.0,61,3,3
341,114,30,70,-17,10,23,332.0,4,3,7
342,105,86,64,-7,87,47,250.0,23,7,5
343,146,40,38,-7,10,19,256.0,78,3,4
344,88,87,25,-4,12,13,268.0,5,5,2
345,104,59,56,-5,13,14,268.0,21,3,7
346,96,91,56,-2,35,73,282.0,2,4,9
347,114,89,59,-6,51,70,312.0,1,3,5
348,82,25,53,-16,12,34,197.0,52,3,3
349,82,48,68,-10,9,45,209.0,63,3,8
350,120,91,55,-4,35,54,224.0,3,5,2
351,171,48,26,-8,11,7,319.0,4,3,1
352,85,58,50,-11,14,30,279.0,11,3,7
353,130,49,41,-9,96,15,296.0,51,3,5
354,153,91,54,-6,14,37,203.0,0,5,2
355,182,24,19,-13,11,11,226.0,24,3,7
356,172,66,45,-4,8,37,236.0,8,3,1
357,106,73,79,-5,10,94,200.0,0,3,9
358,172,76,45,-5,10,54,224.0,0,3,1
359,174,45,46,-11,8,42,257.0,16,3,1
360,143,83,44,-7,32,65,322.0,5,3,1
361,81,39,14,-13,10,30,404.0,30,5,7
362,139,71,82,-7,61,77,223.0,1,18,5
363,144,77,51,-6,17,57,210.0,0,4,2
364,132,84,61,-7,8,54,236.0,0,4,2
365,137,33,51,-11,18,27,198.0,72,11,4
366,186,54,30,-8,12,54,203.0,16,4,1
367,169,88,35,-5,12,41,202.0,3,20,1
368,108,74,59,-8,18,29,379.0,51,3,8
369,153,84,32,-4,8,22,258.0,0,5,1
370,119,81,85,-5,12,78,237.0,12,8,9
371,131,91,47,-7,25,29,245.0,0,4,2
372,94,50,51,-8,39,42,232.0,61,3,8
373,93,93,44,-3,8,40,203.0,1,5,2
374,83,53,66,-9,14,61,230.0,89,17,6
375,119,92,70,-4,8,71,295.0,0,4,9
376,110,80,58,-8,5,42,226.0,0,4,2
377,140,55,56,-7,17,19,273.0,19,3,7
378,199,36,28,-13,14,33,205.0,61,4,4
379,117,73,49,-9,16,83,236.0,0,9,9
380,90,66,54,-8,55,49,214.0,14,4,5
381,138,89,56,-5,32,96,183.0,54,4,6
382,116,59,68,-7,8,64,235.0,1,3,0
383,96,52,32,-7,16,25,238.0,48,2,8
384,94,18,56,-13,7,25,223.0,81,3,3
385,82,47,41,-7,10,39,210.0,56,3,8
386,105,59,43,-6,24,15,330.0,2,3,7
387,123,70,61,-9,33,48,320.0,2,13,2
388,123,73,48,-8,11,87,140.0,57,17,6
389,97,55,74,-9,6,35,328.0,51,3,8
390,92,81,70,-5,13,58,290.0,36,3,9
391,95,94,33,-3,24,30,236.0,1,7,2
392,131,75,58,-7,18,26,308.0,60,3,8
393,118,77,53,-5,12,30,257.0,0,4,2
394,128,80,45,-9,11,25,251.0,0,5,2
395,166,56,41,-5,19,47,176.0,5,3,1
396,74,17,33,-13,9,10,219.0,91,3,3
397,110,77,56,-7,22,71,209.0,0,3,9
398,77,89,69,-6,3,91,182.0,9,3,9
399,115,64,60,-7,10,35,223.0,16,4,2
400,111,66,87,-7,14,32,269.0,4,8,2
401,132,29,54,-10,71,19,206.0,97,3,4
402,97,79,71,-4,20,90,221.0,32,11,9
403,147,90,53,-9,14,91,205.0,0,4,9
404,113,42,74,-10,10,58,259.0,36,3,0
405,112,77,65,-6,59,38,214.0,23,6,5
406,174,92,55,-11,99,11,332.0,1,7,5
407,134,53,59,-10,12,31,287.0,38,4,8
408,91,30,28,-13,12,26,210.0,88,3,3
409,110,41,67,-9,3,71,214.0,15,6,0
410,183,50,45,-7,11,21,266.0,25,3,1
411,104,57,77,-6,11,61,165.0,9,3,0
412,131,83,43,-7,92,71,217.0,1,3,5
413,120,59,79,-9,7,73,206.0,9,8,0
414,127,59,40,-9,11,37,263.0,8,4,7
415,123,71,87,-6,10,96,226.0,57,4,6
416,122,71,70,-5,3,63,203.0,0,8,9
417,100,80,59,-7,9,32,220.0,50,7,8
418,131,42,31,-9,8,24,242.0,13,3,7
419,117,41,71,-14,15,65,227.0,38,4,0
420,123,84,47,-6,10,74,232.0,6,5,9
421,123,81,50,-6,15,28,206.0,4,4,2
422,136,65,64,-6,12,76,232.0,43,3,6
423,109,84,64,-5,9,43,221.0,2,4,2
424,108,72,58,-4,24,32,236.0,3,3,2
425,156,91,48,-4,5,54,267.0,4,19,1
426,115,61,37,-7,10,19,251.0,1,4,7
427,115,59,66,-12,31,67,204.0,60,3,6
428,120,39,62,-12,12,44,249.0,23,3,7
429,110,56,71,-7,12,23,223.0,15,6,7
430,172,96,60,-4,25,57,188.0,20,5,1
431,117,62,48,-7,26,15,241.0,6,4,7
432,99,19,65,-14,13,23,231.0,98,3,3
433,89,73,63,-6,16,50,324.0,9,3,2
434,135,33,56,-8,10,28,285.0,89,3,4
435,108,68,61,-4,13,47,242.0,0,3,2
436,168,94,48,-7,28,26,213.0,0,3,1
437,126,83,60,-7,34,35,339.0,3,4,2
438,129,50,86,-7,10,72,245.0,59,4,6
439,140,59,45,-7,8,20,279.0,5,3,7
440,138,78,48,-8,8,18,319.0,1,5,2
441,105,46,52,-16,78,89,218.0,93,5,6
442,104,61,28,-5,10,8,403.0,0,3,7
443,95,47,37,-8,11,49,251.0,16,4,7
444,138,87,23,-5,29,19,256.0,0,5,1
445,85,29,64,-10,18,41,258.0,67,4,8
446,97,73,50,-6,20,24,231.0,2,3,2
447,103,69,55,-4,8,56,161.0,10,3,2
448,155,20,42,-15,8,10,366.0,96,3,4
449,126,79,60,-4,13,30,245.0,7,10,2
450,120,93,51,-3,14,48,264.0,0,4,2
451,166,87,36,-8,10,61,194.0,0,7,1
452,80,45,31,-6,13,21,250.0,95,3,3
453,168,82,51,-11,14,7,232.0,0,3,1
454,79,73,50,-6,31,45,200.0,14,3,2
455,133,80,74,-8,19,98,239.0,0,4,9
456,82,52,43,-9,22,56,216.0,80,7,8
457,118,73,43,-7,17,31,241.0,0,4,2
458,140,51,44,-8,13,25,245.0,12,3,7
459,79,33,40,-11,8,46,173.0,26,5,7
460,120,75,62,-5,9,56,221.0,64,5,6
461,79,60,51,-9,11,40,265.0,44,3,8
462,128,71,73,-6,10,97,240.0,14,3,9
463,89,57,53,-10,13,49,182.0,72,6,8
464,116,33,53,-10,11,11,526.0,69,5,3
465,130,83,51,-5,7,56,224.0,1,5,2
466,140,86,79,-6,35,77,219.0,13,32,9
467,127,90,73,-4,37,76,236.0,0,14,9
468,106,35,64,-14,7,59,233.0,54,3,8
469,94,75,65,-5,60,65,267.0,8,9,5
470,160,64,59,-8,13,56,185.0,56,10,6
471,166,29,38,-8,12,17,201.0,95,5,4
472,86,75,52,-7,20,70,273.0,36,5,6
473,172,76,34,-7,35,33,251.0,0,4,1
474,135,66,53,-4,21,22,298.0,0,3,2
475,132,63,69,-7,6,74,319.0,1,4,0
476,117,45,49,-9,62,40,266.0,82,3,4
477,131,32,29,-8,19,20,215.0,86,3,4
478,138,74,43,-7,33,9,285.0,2,4,2
479,88,40,37,-13,8,27,189.0,4,3,7
480,76,55,35,-7,11,8,286.0,42,3,7
481,170,69,57,-7,11,78,237.0,4,3,9
482,126,32,65,-11,13,28,233.0,66,3,8
483,136,78,45,-4,67,24,187.0,11,6,5
484,122,26,39,-10,9,18,282.0,81,3,4
485,90,71,51,-3,33,43,175.0,19,3,2
486,131,28,33,-13,13,28,188.0,43,3,4
487,95,55,78,-7,13,44,243.0,35,5,8
488,104,63,67,-7,9,55,248.0,0,3,0
489,131,76,48,-5,31,45,277.0,1,3,2
490,142,75,50,-6,35,30,197.0,1,4,2
491,149,20,28,-17,13,16,809.0,49,3,4
492,78,20,24,-14,11,27,345.0,98,3,3
493,100,47,32,-7,95,25,208.0,26,3,5
494,184,51,35,-8,71,22,291.0,40,3,5
495,180,42,50,-8,11,22,281.0,13,7,1
496,123,73,54,-6,16,51,219.0,1,3,2
497,146,92,64,-4,9,85,258.0,3,8,9
498,107,69,30,-7,27,37,315.0,1,5,2
499,84,40,70,-14,90,82,158.0,56,6,5
500,100,93,64,-6,9,76,190.0,9,15,9
501,131,24,75,-13,44,67,206.0,79,8,6
502,85,32,52,-11,12,27,212.0,70,3,3
503,100,76,51,-7,14,35,220.0,1,7,2
504,85,87,42,-4,12,63,203.0,7,6,2
505,148,60,51,-14,81,96,312.0,67,10,5
506,73,28,61,-9,9,39,214.0,93,4,3
507,137,30,59,-10,12,14,240.0,69,4,4
508,112,65,81,-7,15,81,229.0,35,6,6
509,155,54,27,-7,10,33,285.0,49,3,4
510,141,71,75,-10,10,90,283.0,9,3,9
511,80,81,37,-6,8,65,209.0,3,5,2
512,154,58,27,-8,11,20,308.0,1,4,1
513,124,39,61,-11,11,22,255.0,53,4,8
514,130,73,53,-5,8,57,205.0,0,3,2
515,119,26,46,-8,11,23,221.0,92,4,3
516,112,31,62,-10,12,13,241.0,95,3,3
517,92,71,56,-5,11,39,225.0,0,5,2
518,105,88,66,-5,14,86,238.0,2,4,9
519,103,76,45,-5,15,42,267.0,2,3,2
520,132,68,52,-5,6,11,214.0,8,4,2
521,126,34,47,-8,11,24,165.0,86,4,4
522,152,88,51,-5,7,68,268.0,0,3,9
523,124,78,53,-6,16,64,247.0,0,5,9
524,71,63,51,-9,15,50,214.0,10,19,2
525,85,53,55,-8,22,41,272.0,19,3,7
526,123,54,45,-9,9,13,244.0,70,4,4
527,125,78,55,-5,8,46,255.0,3,4,2
528,76,5,63,-21,10,20,301.0,56,4,3
529,130,83,55,-5,6,14,204.0,4,3,2
530,120,26,42,-7,13,33,270.0,92,3,4
531,151,95,58,-4,4,78,269.0,2,6,9
532,145,56,60,-7,5,33,207.0,0,6,2
533,170,75,45,-6,18,42,243.0,17,6,1
534,75,55,48,-7,10,24,253.0,37,7,8
535,116,81,73,-7,6,25,232.0,3,8,2
536,78,40,57,-11,8,30,266.0,74,3,3
537,114,93,41,-5,60,39,163.0,34,10,5
538,127,72,68,-6,27,57,214.0,8,4,9
539,174,28,36,-12,38,20,174.0,54,4,4
540,116,81,79,-9,10,86,248.0,4,4,9
541,86,41,21,-10,8,16,306.0,17,4,7
542,128,79,57,-4,9,30,148.0,5,5,2
543,128,87,68,-6,37,4,304.0,0,4,2
544,108,88,54,-5,3,25,282.0,2,3,2
545,144,40,56,-8,11,46,209.0,66,3,8
546,127,33,79,-13,19,53,231.0,60,6,8
547,110,85,78,-4,12,62,250.0,5,7,9
548,77,51,57,-7,9,51,484.0,23,5,7
549,121,66,60,-6,12,29,245.0,23,5,2
550,85,43,67,-10,13,34,190.0,12,12,7
551,110,64,70,-9,28,65,211.0,22,17,0
552,81,76,50,-5,26,61,208.0,9,3,2
553,148,84,52,-7,20,86,213.0,1,6,9
554,117,78,52,-4,11,90,236.0,0,4,9
555,108,87,74,-3,27,59,225.0,3,4,9
556,142,96,46,-4,28,40,238.0,7,6,2
557,131,22,46,-10,11,15,243.0,90,3,4
558,146,58,47,-7,25,37,183.0,51,3,8
559,134,92,59,-5,27,63,241.0,6,6,9
560,120,60,85,-5,8,84,264.0,0,4,9
561,99,68,62,-8,16,53,240.0,11,3,2
562,140,63,39,-7,11,32,373.0,24,3,1
563,125,64,55,-7,22,15,268.0,1,3,7
564,105,76,73,-5,6,54,228.0,13,3,2
565,168,77,38,-6,27,42,185.0,0,4,1
566,79,45,78,-6,18,59,282.0,47,3,8
567,129,66,57,-5,12,44,242.0,63,5,8
568,83,58,27,-9,37,65,198.0,50,4,6
569,93,41,67,-12,11,36,215.0,65,5,8
570,140,95,58,-9,47,30,456.0,0,4,2
571,126,81,64,-6,7,72,177.0,8,3,9
572,80,37,56,-10,9,28,182.0,93,4,3
573,160,82,65,-5,9,96,233.0,22,18,9
574,116,39,69,-11,12,38,213.0,49,3,8
575,148,70,49,-8,8,62,209.0,4,4,1
576,134,71,33,-7,13,19,532.0,31,3,7
577,93,48,74,-9,11,36,285.0,3,4,7
578,108,38,61,-10,10,20,259.0,61,5,8
579,152,86,46,-6,10,37,289.0,0,7,1
580,102,73,48,-5,21,43,215.0,3,3,2
581,135,72,76,-8,95,51,280.0,5,24,5
582,130,70,76,-9,4,30,268.0,7,4,2
583,162,82,46,-6,16,47,299.0,1,4,1
584,139,88,64,-4,36,74,242.0,8,3,9
585,94,34,38,-11,8,8,217.0,9,3,7
586,97,74,66,-7,33,74,161.0,24,14,9
587,114,34,44,-11,10,8,266.0,4,3,7
588,146,69,59,-7,10,19,212.0,72,8,8
589,111,64,62,-7,52,65,159.0,21,3,5
590,92,88,66,-3,69,77,348.0,3,9,5
591,167,89,49,-4,7,64,245.0,0,4,1
592,84,42,42,-6,11,18,173.0,59,4,8
593,160,80,65,-5,33,94,219.0,6,17,9
594,175,52,48,-12,9,10,311.0,33,4,7
595,156,87,37,-5,8,22,308.0,1,4,1
596,122,71,66,-5,12,48,258.0,7,4,2
597,130,44,72,-9,9,32,243.0,58,3,8
598,94,54,79,-7,20,89,215.0,9,5,0
599,116,78,65,-7,10,63,203.0,13,4,9
600,118,72,78,-6,7,71,246.0,13,4,9
601,128,87,58,-4,26,62,199.0,1,6,9
602,135,23,40,-9,11,28,222.0,89,4,4
603,124,85,62,-6,24,64,215.0,12,3,9
604,147,31,55,-10,11,25,261.0,82,3,4
605,86,28,32,-9,10,18,248.0,47,3,3
606,114,44,37,-15,67,45,198.0,82,8,4
607,125,88,56,-3,87,51,317.0,0,3,5
608,128,58,57,-9,14,30,287.0,1,3,7
609,174,13,50,-13,10,28,256.0,88,6,4
610,128,93,52,-5,11,20,233.0,0,9,2
611,95,79,36,-8,91,30,167.0,16,4,5
612,117,79,40,-3,7,57,216.0,2,5,2
613,115,61,86,-7,3,93,270.0,1,8,9
614,85,41,17,-8,11,9,203.0,61,3,3
615,122,39,58,-8,9,16,249.0,76,3,4
616,125,88,60,-6,11,58,468.0,0,4,2
617,146,45,54,-9,11,14,283.0,46,3,8
618,117,74,64,-4,17,79,216.0,1,3,9
619,121,48,66,-9,18,35,219.0,4,3,7
620,170,64,73,-6,6,65,202.0,5,14,9
621,83,41,27,-8,12,32,255.0,29,3,7
622,95,42,50,-12,20,22,242.0,88,3,3
623,90,74,49,-5,30,36,259.0,26,4,2
624,112,92,64,-4,15,53,264.0,0,4,2
625,171,50,36,-6,16,39,254.0,0,3,1
626,135,33,65,-11,22,52,272.0,43,3,8
627,89,82,53,-6,9,69,200.0,1,4,9
628,109,59,41,-5,28,56,204.0,55,3,8
629,161,38,35,-8,15,36,230.0,61,3,4
630,128,46,72,-8,11,39,201.0,8,3,7
631,78,40,54,-8,11,17,220.0,66,4,8
632,130,93,48,-5,31,37,232.0,1,5,2
633,49,37,39,-11,8,51,293.0,21,3,7
634,189,76,43,-8,55,66,247.0,2,4,5
635,123,92,45,-5,33,8,224.0,0,7,2
636,136,90,65,-11,15,61,222.0,0,4,9
637,111,90,64,-6,17,78,192.0,20,4,9
638,168,76,43,-9,10,51,155.0,0,6,1
639,121,62,88,-9,5,30,384.0,0,5,2
640,127,47,76,-7,10,77,157.0,54,4,6
641,106,67,57,-10,11,25,305.0,2,3,2
642,87,65,66,-4,6,37,203.0,12,5,2
643,164,72,48,-5,10,25,405.0,5,6,1
644,142,92,56,-4,28,59,235.0,0,3,2
645,100,38,61,-10,28,52,234.0,84,44,8
646,147,68,40,-6,68,60,212.0,18,3,5
647,134,41,46,-8,10,9,227.0,50,3,8
648,108,40,49,-8,14,15,598.0,49,3,8
649,170,46,18,-9,9,13,267.0,74,4,4
650,121,73,67,-7,18,78,218.0,28,4,9
651,158,45,48,-6,9,29,295.0,34,3,7
652,116,50,58,-7,13,11,206.0,20,3,7
653,98,72,68,-9,13,57,225.0,20,6,0
654,144,59,38,-6,9,27,291.0,35,5,1
655,163,79,39,-6,40,34,204.0,0,5,1
656,113,83,67,-6,10,70,238.0,1,7,9
657,123,55,55,-11,18,42,242.0,85,4,8
658,130,70,66,-7,9,51,382.0,5,3,2
659,106,27,72,-8,11,18,227.0,73,3,8
660,92,74,70,-7,11,20,302.0,7,7,2
661,109,33,67,-17,8,49,284.0,61,6,8
662,150,83,38,-7,7,45,220.0,0,6,1
663,90,21,12,-11,13,5,223.0,84,4,3
664,150,43,49,-8,12,31,315.0,10,3,7
665,142,66,46,-8,9,34,274.0,28,5,1
666,170,49,28,-8,17,53,427.0,16,3,1
667,123,75,59,-11,34,66,339.0,0,3,9
668,130,70,68,-9,14,81,214.0,0,3,9
669,100,53,56,-11,11,67,278.0,2,3,0
670,107,80,82,-4,15,63,226.0,3,8,9
671,98,55,37,-8,18,11,598.0,21,3,7
672,95,84,60,-7,11,47,240.0,2,7,2
673,142,28,59,-5,15,34,272.0,88,3,4
674,131,46,60,-12,22,80,204.0,10,4,0
675,72,26,35,-12,13,48,265.0,61,3,3
676,90,40,73,-9,11,55,196.0,8,3,0
677,74,51,36,-8,16,15,318.0,4,3,7
678,163,51,49,-8,10,34,214.0,58,12,4
679,120,47,77,-6,39,34,237.0,29,5,8
680,105,24,61,-17,25,37,290.0,76,3,3
681,108,7,52,-14,13,27,177.0,70,4,3
682,129,64,67,-7,14,89,223.0,22,3,9
683,145,91,57,-5,14,40,197.0,3,5,2
684,95,45,60,-6,11,17,263.0,16,2,7
685,118,89,76,-4,85,72,358.0,8,7,5
686,167,68,50,-4,6,47,262.0,1,3,1
687,114,59,49,-6,9,19,270.0,3,5,7
688,96,65,83,-3,9,93,234.0,58,8,6
689,125,78,78,-4,8,67,204.0,6,13,9
690,75,71,60,-4,17,55,200.0,39,30,8
691,98,21,61,-20,8,42,274.0,60,3,3
692,135,83,46,-5,14,47,261.0,2,10,2
693,120,60,52,-5,11,22,341.0,3,3,7
694,80,66,55,-7,10,52,244.0,39,3,8
695,190,53,26,-6,5,45,213.0,39,4,1
696,132,69,34,-9,34,21,341.0,0,4,1
697,135,66,67,-5,12,56,201.0,4,3,2
698,145,91,55,-5,35,64,180.0,1,7,9
699,108,61,57,-9,10,69,185.0,56,4,6
700,116,87,55,-5,46,61,303.0,0,3,2
701,128,78,67,-5,13,52,215.0,0,3,2
702,84,20,59,-11,9,17,255.0,90,3,3
703,146,28,49,-14,12,17,360.0,30,3,7
704,92,85,68,-11,6,93,391.0,23,5,9
705,168,93,51,-5,24,67,272.0,0,24,9
706,103,64,62,-7,16,45,247.0,5,3,2
707,168,82,61,-5,15,29,187.0,1,4,1
708,103,63,48,-7,12,16,671.0,39,3,7
709,90,39,52,-7,14,24,208.0,54,3,8
710,100,88,62,-3,33,78,171.0,7,10,9
711,115,71,63,-7,14,24,210.0,1,3,2
712,90,24,59,-11,9,26,221.0,91,4,3
713,147,89,55,-3,89,72,233.0,0,3,5
714,125,40,50,-9,12,15,225.0,34,3,7
715,112,75,91,-10,4,83,234.0,7,25,9
716,116,83,52,-4,8,48,331.0,0,4,2
717,103,31,40,-8,12,31,262.0,92,3,3
718,114,32,50,-13,24,30,249.0,10,3,7
719,92,87,51,-7,5,39,266.0,19,5,2
720,90,30,64,-10,10,44,238.0,62,3,8
721,86,22,43,-9,11,40,230.0,95,4,3
722,96,62,41,-6,40,23,250.0,9,7,7
723,140,68,51,-3,18,36,196.0,28,3,1
724,69,62,59,-6,13,27,186.0,2,11,2
725,171,75,56,-8,15,35,240.0,27,31,1
726,174,72,43,-6,9,69,268.0,10,4,1
727,96,39,57,-6,23,32,216.0,37,3,8
728,91,70,54,-6,10,56,221.0,5,3,2
729,174,44,64,-14,9,15,154.0,13,20,7
730,109,41,81,-9,8,50,223.0,11,4,0
731,126,83,69,-7,25,98,215.0,17,3,9
732,82,36,28,-12,25,36,172.0,65,3,3
733,122,40,43,-10,12,63,195.0,48,5,8
734,128,78,81,-4,19,82,220.0,6,5,9
735,152,60,32,-6,25,18,240.0,11,3,1
736,128,54,33,-9,21,82,146.0,57,4,6
737,105,47,72,-7,11,45,206.0,53,3,8
738,105,66,40,-7,23,39,217.0,3,3,2
739,140,57,34,-7,42,37,257.0,6,3,1
740,100,61,70,-6,8,22,189.0,22,4,7
741,98,73,67,-7,37,15,210.0,4,5,2
742,131,41,55,-11,24,86,152.0,46,5,6
743,111,74,66,-10,32,89,236.0,23,3,9
744,178,64,38,-7,37,8,261.0,7,7,1
745,81,49,50,-8,14,76,135.0,76,5,6
746,82,90,58,-3,6,68,191.0,19,6,9
747,126,60,73,-10,6,96,179.0,40,5,6
748,116,74,67,-5,24,75,201.0,29,5,9
749,124,69,83,-8,8,85,216.0,33,3,9
750,148,63,49,-7,9,8,275.0,68,3,4
751,198,61,30,-7,15,33,251.0,6,3,1
752,110,41,50,-6,11,45,182.0,75,3,8
753,124,89,77,-9,6,97,261.0,7,4,9
754,87,38,35,-10,12,53,253.0,73,4,3
755,87,25,41,-13,38,32,221.0,74,3,3
756,180,63,47,-5,11,16,212.0,3,5,1
757,128,49,41,-6,11,37,231.0,1,3,7
758,197,64,18,-7,12,52,241.0,11,4,1
759,68,58,23,-7,9,49,292.0,8,3,7
760,130,50,55,-6,76,30,210.0,30,4,5
761,140,49,57,-11,17,73,179.0,2,5,0
762,106,74,63,-8,17,67,276.0,47,4,6
763,100,57,74,-8,10,57,209.0,51,4,6
764,120,85,60,-5,12,15,203.0,2,46,2
765,109,52,57,-11,13,33,252.0,5,3,7
766,87,93,50,-3,37,68,217.0,3,8,9
767,132,71,42,-11,3,64,205.0,14,3,0
768,93,84,64,-8,21,89,216.0,42,4,6
769,89,34,71,-7,16,49,241.0,79,3,8
770,73,25,49,-11,8,27,202.0,88,3,3
771,103,76,53,-7,14,84,258.0,6,4,9
772,100,71,55,-8,8,30,218.0,6,5,2
773,105,52,77,-4,13,39,217.0,18,3,2
774,86,61,51,-5,8,23,295.0,0,2,2
775,124,86,79,-3,8,59,215.0,4,11,9
776,114,79,60,-6,39,24,217.0,1,7,2
777,94,68,54,-9,9,47,219.0,1,6,2
778,140,71,62,-7,13,49,211.0,6,7,2
779,97,38,40,-10,12,28,270.0,51,3,8
780,72,33,45,-13,14,27,184.0,82,4,3
781,150,66,25,-7,9,44,249.0,50,3,1
782,111,75,67,-9,29,69,261.0,8,3,9
783,106,32,52,-12,13,31,335.0,74,3,3
784,107,77,60,-8,11,72,204.0,10,3,9
785,108,58,74,-9,18,94,265.0,19,3,0
786,120,83,43,-6,14,35,455.0,2,5,2
787,135,43,70,-11,10,56,194.0,33,38,0
788,91,32,76,-7,8,57,189.0,84,5,8
789,124,76,40,-8,37,49,261.0,10,5,2
790,96,35,51,-9,59,51,172.0,67,15,8
791,121,76,61,-9,73,63,218.0,14,7,5
792,120,90,52,-5,10,24,322.0,0,4,2
793,132,87,47,-6,25,27,244.0,0,5,2
794,98,59,82,-6,15,51,209.0,69,9,8
795,98,56,70,-7,28,51,183.0,25,5,0
796,142,66,36,-8,6,38,237.0,10,3,1
797,139,53,59,-7,29,23,241.0,14,3,7
798,178,80,66,-5,7,84,229.0,20,15,9
799,113,17,68,-9,10,24,260.0,84,3,3
800,127,46,34,-11,9,35,620.0,17,4,7
801,143,40,44,-8,11,41,243.0,63,3,4
802,80,21,15,-14,12,26,293.0,82,3,3
803,163,66,42,-12,18,45,168.0,0,7,1
804,116,47,74,-13,19,89,160.0,9,3,0
805,128,32,55,-11,10,33,242.0,83,3,4
806,93,49,44,-14,16,63,309.0,70,6,8
807,94,45,49,-12,43,46,298.0,15,3,7
808,99,26,71,-15,10,56,177.0,88,4,3
809,92,36,41,-13,8,27,285.0,83,3,3
810,113,93,56,-10,35,62,146.0,1,6,9
811,124,80,60,-7,7,62,147.0,4,3,9
812,140,21,59,-15,12,38,180.0,90,5,4
813,155,28,50,-15,39,67,173.0,64,3,4
814,132,33,30,-10,6,39,218.0,76,3,4
815,136,33,50,-11,10,40,221.0,59,3,4
816,137,47,47,-10,16,57,269.0,18,4,0
817,148,21,33,-18,18,28,187.0,84,3,4
818,76,66,22,-10,47,32,344.0,2,5,7
819,119,84,63,-6,10,88,663.0,8,5,9
820,119,36,39,-11,12,31,444.0,0,3,7
821,123,59,76,-10,61,33,189.0,49,6,5
822,118,39,47,-14,14,55,241.0,64,3,8
823,127,41,71,-7,6,53,211.0,35,4,8
824,121,63,61,-8,15,90,244.0,34,3,6
825,121,70,54,-9,8,58,281.0,10,3,2
826,131,79,31,-8,11,26,201.0,35,5,1
827,103,88,76,-9,22,95,175.0,36,4,9
828,76,35,61,-14,8,36,201.0,50,4,8
829,105,66,75,-6,9,86,152.0,19,4,9
830,147,91,60,-7,8,72,290.0,31,6,9
831,159,17,48,-19,12,19,228.0,73,5,4
832,154,38,35,-16,5,48,276.0,9,3,7
833,86,52,61,-10,12,80,206.0,37,3,6
834,119,50,46,-12,27,53,266.0,6,4,7
835,89,25,53,-15,12,24,276.0,71,3,3
836,139,97,54,-6,12,93,166.0,42,9,9
837,128,36,38,-11,29,24,251.0,71,4,4
838,130,85,59,-6,27,81,161.0,6,3,9
839,162,57,37,-9,13,66,331.0,39,3,1
840,82,34,34,-12,12,20,483.0,58,3,3
841,76,26,55,-12,9,17,188.0,91,3,3
842,104,72,55,-12,11,72,435.0,25,3,0
843,134,32,28,-17,11,14,1.412,37,4,7
844,92,9,42,-19,34,46,243.0,91,4,3
845,93,46,45,-11,15,66,271.0,30,4,0
846,117,72,49,-8,29,15,300.0,31,4,7
847,123,38,44,-15,5,22,236.0,64,4,4
848,91,38,25,-14,11,51,213.0,14,3,7
849,80,42,48,-11,12,51,125.0,46,12,8
850,140,39,43,-7,8,16,342.0,69,3,4
851,171,73,35,-9,12,70,471.0,8,4,1
852,203,82,27,-6,36,81,233.0,10,10,1
853,122,57,39,-13,9,40,502.0,39,5,7
854,138,48,53,-12,8,49,517.0,70,6,8
855,145,43,41,-11,15,28,377.0,38,3,7
856,133,32,42,-13,9,41,200.0,62,3,4
857,109,65,65,-10,18,72,221.0,4,2,0
858,104,51,38,-15,54,40,355.0,1,5,7
859,175,59,23,-9,13,55,204.0,31,4,1
860,129,93,63,-4,6,96,229.0,22,3,9
861,169,26,47,-11,12,46,309.0,88,3,4
862,125,53,68,-13,6,35,266.0,42,9,8
863,131,70,32,-8,11,25,443.0,2,4,1
864,115,31,55,-12,11,41,218.0,51,4,8
865,87,11,70,-15,7,52,108.0,94,55,3
866,120,78,56,-7,7,97,179.0,36,6,9
867,92,28,70,-15,8,45,269.0,68,3,3
868,83,42,47,-10,5,50,239.0,52,3,8
869,133,33,27,-11,13,6,388.0,5,4,7
870,133,76,41,-9,8,39,511.0,7,7,2
871,129,57,61,-11,7,54,350.0,56,4,8
872,135,92,69,-6,8,23,511.0,30,6,2
873,96,31,69,-19,9,52,144.0,17,4,0
874,131,50,42,-13,20,66,254.0,48,3,6
875,147,59,56,-7,4,97,198.0,6,3,9
876,170,89,32,-7,9,87,221.0,0,4,9
877,81,86,44,-8,24,75,295.0,40,9,6
878,92,42,81,-15,10,84,157.0,75,4,6
879,119,4,47,-22,11,18,311.0,95,4,3
880,127,62,39,-8,9,34,221.0,21,3,7
881,141,63,41,-10,51,80,581.0,0,6,5
882,124,71,46,-9,13,41,174.0,21,4,2
883,114,59,63,-11,5,89,342.0,10,3,0
884,145,27,40,-12,10,9,225.0,74,3,4
885,137,53,60,-9,9,34,282.0,43,3,8
886,171,46,54,-10,10,80,187.0,19,3,0
887,100,45,49,-10,54,55,254.0,17,3,5
888,139,67,57,-10,13,74,212.0,34,3,6
889,123,51,65,-17,16,83,252.0,69,5,6
890,134,26,54,-12,15,64,148.0,85,3,4
891,134,51,45,-16,72,56,102.0,13,6,5
892,161,84,26,-7,28,46,157.0,0,10,1
893,136,16,44,-11,11,29,167.0,91,3,4
894,105,32,57,-17,9,39,254.0,68,11,3
895,109,78,45,-9,34,51,252.0,44,4,8
896,106,68,66,-8,8,65,258.0,16,3,0
897,161,56,44,-12,21,50,194.0,5,12,1
898,128,69,56,-11,20,75,345.0,53,4,6
899,106,60,65,-13,7,91,227.0,22,3,0
900,184,34,38,-13,10,69,179.0,81,4,4
901,134,75,29,-9,68,35,210.0,5,5,5
902,156,50,53,-11,26,79,153.0,48,3,6
903,86,22,54,-18,11,31,189.0,74,4,3
904,167,47,30,-13,34,58,228.0,69,5,4
905,81,60,22,-11,41,25,1.121,27,6,7
906,131,58,67,-10,6,82,211.0,22,3,0
907,99,57,56,-12,12,58,251.0,36,3,8
908,109,33,56,-16,32,33,195.0,47,3,8
909,109,78,44,-5,14,61,212.0,14,3,2
910,143,63,57,-12,25,87,258.0,49,3,6
911,125,54,68,-10,6,96,357.0,22,3,0
912,102,72,50,-9,8,18,387.0,1,4,2
913,136,55,43,-6,11,41,272.0,67,3,8
914,60,22,23,-13,27,18,214.0,95,3,3
915,161,43,31,-10,33,22,267.0,39,3,4
916,120,48,36,-12,18,36,414.0,52,8,8
917,117,85,28,-8,6,44,559.0,1,5,2
918,124,54,47,-10,27,78,383.0,2,15,0
919,181,39,36,-14,12,50,218.0,75,3,4
920,116,22,28,-14,8,18,284.0,77,3,3
921,81,64,55,-10,20,61,230.0,0,22,0
922,121,19,41,-13,11,63,246.0,85,3,4
923,73,30,36,-15,63,13,469.0,86,3,3
924,85,60,27,-10,19,29,575.0,2,4,7
925,125,60,48,-9,11,67,313.0,8,3,0
926,140,24,25,-14,7,21,421.0,68,3,4
927,111,40,63,-13,11,73,173.0,54,3,6
928,140,40,51,-13,11,23,150.0,25,3,7
929,144,75,66,-11,28,97,170.0,10,3,9
930,121,47,56,-8,15,40,193.0,45,3,8
931,92,38,59,-12,10,45,279.0,27,5,7
932,132,48,69,-12,9,90,235.0,38,3,6
933,83,45,60,-10,21,80,265.0,37,4,6
934,117,91,57,-7,6,84,207.0,9,4,9
935,134,51,51,-14,11,70,152.0,78,3,6
936,128,57,58,-9,36,82,248.0,38,3,6
937,130,80,41,-3,18,47,223.0,22,4,2
938,127,54,58,-13,12,42,349.0,14,4,7
939,77,29,59,-11,9,73,216.0,57,3,6
940,168,60,54,-11,8,64,291.0,4,5,0
941,90,47,37,-15,7,5,335.0,54,8,3
942,111,54,67,-11,13,81,162.0,57,4,6
943,117,65,54,-6,14,61,180.0,38,6,6
944,98,61,60,-12,9,89,284.0,18,3,0
945,148,93,44,-5,24,78,169.0,42,5,9
946,146,31,30,-11,37,46,181.0,87,3,4
947,148,41,66,-14,8,83,213.0,86,7,6
948,83,18,30,-11,13,9,160.0,85,3,3
949,92,53,39,-12,61,37,199.0,59,3,8
950,126,69,64,-16,28,46,275.0,21,5,0
951,123,42,40,-14,7,23,333.0,10,5,7
952,82,50,33,-16,13,11,1.367,11,4,7
953,136,14,45,-13,10,16,176.0,96,3,3
954,106,54,76,-10,6,96,193.0,79,5,6
955,168,47,28,-8,16,25,257.0,24,3,1
956,112,81,60,-5,85,77,197.0,63,5,5
957,112,36,48,-13,30,32,410.0,47,4,8
958,100,25,55,-18,69,29,149.0,94,6,3
959,128,64,51,-12,9,83,208.0,17,4,0
960,118,44,48,-15,22,76,235.0,0,4,0
961,104,46,31,-9,14,32,213.0,42,3,7
962,169,38,23,-14,13,33,261.0,75,3,4
963,138,32,26,-12,13,17,211.0,89,3,4
964,144,40,39,-10,24,23,354.0,29,5,7
965,79,18,33,-12,12,26,217.0,94,3,3
966,138,29,27,-12,11,4,811.0,77,3,4
967,146,94,27,-4,12,61,270.0,1,10,1
968,81,54,48,-11,16,58,508.0,49,4,8
969,78,68,66,-9,73,59,428.0,27,6,5
970,110,61,66,-10,8,77,292.0,6,3,0
971,138,75,75,-7,44,83,215.0,29,3,9
972,159,16,41,-22,12,42,199.0,88,3,4
973,141,76,37,-6,53,66,289.0,62,4,5
974,134,52,40,-16,28,16,367.0,69,6,4
975,129,49,72,-15,9,80,253.0,11,3,0
976,133,67,67,-10,16,87,382.0,20,2,0
977,119,76,52,-7,7,58,171.0,16,5,2
978,134,58,30,-6,7,18,576.0,37,3,7
979,80,33,49,-12,33,14,233.0,1,3,7
980,90,90,47,-7,29,21,325.0,11,3,2
981,129,37,43,-10,32,19,278.0,37,3,7
982,102,58,52,-10,11,34,211.0,3,3,7
983,180,43,22,-9,12,50,216.0,82,3,4
984,102,37,82,-13,8,29,217.0,17,8,7
985,89,59,39,-11,15,30,525.0,19,4,7
986,130,46,43,-12,13,38,293.0,12,3,7
987,81,25,25,-17,21,32,264.0,91,3,3
988,141,82,57,-8,9,77,239.0,1,3,9
989,128,49,38,-9,40,20,281.0,22,3,7
990,125,70,42,-6,33,56,204.0,26,3,2
991,89,64,57,-9,86,61,271.0,24,4,5
992,125,27,62,-17,11,34,284.0,88,5,3
993,91,42,44,-9,13,45,287.0,9,2,7
994,95,56,79,-10,8,67,261.0,45,5,6
995,106,96,68,-6,35,61,715.0,18,9,9
996,130,73,70,-8,10,64,243.0,43,3,6
997,105,29,46,-10,18,26,197.0,82,3,3
998,125,76,84,-5,3,60,251.0,6,9,9
999,37,25,27,-12,9,13,207.0,80,4,3
1000,147,51,58,-9,6,61,391.0,1,3,0
1001,112,69,50,-7,22,36,296.0,19,6,2
1002,101,88,54,-7,76,75,231.0,38,4,5
1003,126,28,55,-11,16,30,445.0,47,3,8
1004,136,83,51,-8,12,74,513.0,4,8,9
1005,109,68,38,-8,5,29,285.0,0,3,2
1006,141,93,33,-9,30,38,308.0,0,7,1
1007,107,43,65,-10,11,65,305.0,38,3,6
1008,104,56,43,-7,13,28,235.0,2,3,7
1009,98,58,52,-13,5,49,366.0,2,3,7
1010,135,89,33,-6,35,16,287.0,9,7,2
1011,111,53,35,-9,8,47,256.0,58,3,8
1012,107,74,55,-7,24,90,244.0,4,3,9
1013,68,45,44,-7,11,24,305.0,89,4,3
1014,127,79,48,-6,45,79,323.0,0,3,9
1015,121,37,51,-9,32,20,362.0,50,3,8
1016,108,70,68,-10,11,93,243.0,32,4,6
1017,119,83,48,-7,32,82,394.0,18,9,9
1018,106,72,82,-10,7,89,252.0,8,5,9
1019,135,28,30,-13,17,33,399.0,80,3,4
1020,81,71,45,-10,21,77,267.0,23,5,0
1021,123,65,55,-7,12,37,212.0,58,3,8
1022,107,57,59,-10,8,95,233.0,16,7,0
1023,177,78,39,-3,11,90,134.0,0,23,9
1024,100,75,56,-13,33,64,283.0,61,11,6
1025,142,70,46,-10,9,51,428.0,29,7,1
1026,104,41,79,-15,14,39,169.0,41,5,8
1027,109,88,62,-7,4,83,242.0,0,8,9
1028,121,69,78,-7,11,70,187.0,52,4,6
1029,118,17,43,-11,11,14,296.0,42,4,7
1030,140,42,32,-11,10,29,204.0,55,3,4
1031,112,76,49,-6,9,44,371.0,0,3,2
1032,173,87,33,-8,46,49,508.0,21,12,1
1033,135,94,59,-5,7,83,224.0,2,4,9
1034,178,34,39,-10,25,48,303.0,65,3,4
1035,135,31,41,-10,7,7,653.0,31,4,7
1036,159,84,29,-4,10,42,334.0,0,8,1
1037,81,50,69,-7,26,47,122.0,68,12,8
1038,152,67,55,-9,5,48,270.0,1,5,1
1039,148,48,81,-10,5,62,180.0,1,6,0
1040,64,46,27,-7,12,17,179.0,38,3,7
1041,177,32,29,-12,12,38,201.0,80,3,4
1042,112,71,37,-10,13,32,488.0,10,6,7
1043,94,32,48,-11,11,39,206.0,37,3,8
1044,172,84,20,-8,29,39,590.0,28,7,1
1045,102,63,68,-9,31,48,261.0,36,3,8
1046,200,42,29,-9,10,35,232.0,84,4,4
1047,96,21,57,-16,13,49,225.0,65,3,3
1048,104,97,39,-6,10,69,314.0,3,4,2
1049,130,70,48,-8,31,83,249.0,40,4,6
1050,104,54,71,-20,9,64,93.0,11,4,0
1051,123,52,72,-8,13,94,261.0,7,6,0
1052,89,75,61,-9,14,61,277.0,32,9,0
1053,184,9,39,-15,10,36,201.0,98,3,4
1054,91,73,49,-6,8,43,366.0,0,9,2
1055,119,72,67,-8,4,83,193.0,4,4,9
1056,127,71,67,-16,9,96,355.0,3,4,0
1057,135,89,50,-5,73,70,283.0,9,5,5
1058,133,43,39,-11,16,40,251.0,43,3,8
1059,107,69,69,-8,20,93,244.0,17,3,9
1060,91,82,53,-5,26,47,248.0,7,5,2
1061,106,80,67,-9,6,76,184.0,3,4,9
1062,175,66,39,-6,6,46,274.0,28,3,1
1063,125,68,46,-9,50,68,304.0,25,8,5
1064,80,48,59,-9,9,49,324.0,39,2,8
1065,105,50,70,-13,32,68,222.0,6,3,0
1066,137,69,55,-14,14,67,262.0,2,4,0
1067,76,52,73,-10,7,95,173.0,8,32,0
1068,133,49,52,-12,14,47,201.0,10,3,7
1069,77,56,66,-9,6,62,294.0,40,3,6
1070,111,74,60,-11,68,62,321.0,44,10,5
1071,93,46,81,-13,15,74,191.0,78,3,6
1072,98,93,42,-5,11,34,457.0,41,13,2
1073,148,91,27,-5,15,48,200.0,0,7,1
1074,177,48,65,-16,6,80,448.0,23,6,0
1075,129,45,75,-15,12,95,220.0,42,6,6
1076,119,64,91,-11,6,90,331.0,3,6,0
1077,98,65,69,-8,11,71,255.0,29,3,0
1078,117,93,52,-7,82,31,244.0,39,10,5
1079,139,45,59,-9,13,51,291.0,70,4,8
1080,134,98,32,-4,20,17,212.0,4,12,2
1081,127,60,62,-9,10,86,217.0,1,3,0
1082,148,87,73,-7,32,92,350.0,6,3,9
1083,156,87,56,-5,77,60,209.0,5,16,5
1084,102,33,34,-14,15,35,305.0,65,3,3
1085,125,39,48,-11,12,52,269.0,37,3,8
1086,92,61,63,-7,68,55,223.0,60,3,5
1087,134,75,62,-9,5,66,192.0,4,36,9
1088,96,70,49,-12,15,78,236.0,4,6,0
1089,90,26,25,-11,14,20,159.0,96,3,3
1090,123,78,61,-8,28,85,242.0,9,5,9
1091,114,35,50,-14,26,42,366.0,9,3,7
1092,105,38,84,-13,20,89,268.0,54,6,6
1093,88,69,43,-8,36,52,203.0,6,6,2
1094,96,90,47,-6,34,42,215.0,15,6,2
1095,83,67,43,-6,10,61,181.0,6,8,2
1096,93,72,53,-10,8,76,241.0,13,3,0
1097,77,57,54,-8,9,73,290.0,1,16,0
1098,137,34,54,-14,13,30,236.0,46,4,8
1099,110,71,80,-5,34,85,289.0,44,4,6
1100,91,82,67,-7,97,80,317.0,10,5,5
1101,122,56,78,-8,7,76,232.0,11,10,0
1102,123,80,44,-5,10,52,205.0,5,4,2
1103,121,38,76,-15,5,99,224.0,28,4,0
1104,95,85,60,-8,63,64,191.0,1,3,5
1105,115,85,73,-7,44,74,261.0,13,4,9
1106,122,72,36,-10,36,47,360.0,2,4,2
1107,101,88,78,-4,4,89,265.0,39,3,9
1108,135,27,55,-15,11,21,234.0,42,3,4
1109,131,87,70,-6,21,81,188.0,8,3,9
1110,118,62,65,-9,8,64,211.0,20,3,0
1111,67,12,16,-18,16,24,195.0,88,4,3
1112,121,57,80,-13,11,96,327.0,45,3,6
1113,127,37,47,-13,8,17,382.0,15,3,7
1114,116,91,57,-5,16,42,208.0,6,13,2
1115,104,39,69,-16,25,72,239.0,8,4,0
1116,134,23,35,-10,38,18,221.0,90,3,4
1117,120,76,63,-6,15,70,251.0,51,5,6
1118,128,85,77,-6,7,87,271.0,21,4,9
1119,120,49,75,-10,22,53,293.0,2,4,0
1120,151,81,58,-7,22,87,290.0,3,4,9
1121,112,30,59,-15,13,19,278.0,22,3,7
1122,155,94,48,-5,41,94,138.0,1,4,9
1123,84,56,53,-8,30,38,327.0,70,3,8
1124,136,86,72,-6,6,97,196.0,15,4,9
1125,105,36,63,-9,13,67,245.0,11,3,0
1126,113,21,38,-16,8,21,239.0,75,3,3
1127,77,70,41,-9,11,37,309.0,22,3,2
1128,75,66,53,-6,7,76,159.0,43,3,6
1129,104,37,55,-12,17,46,286.0,57,2,8
1130,132,76,80,-11,5,96,288.0,8,3,9
1131,169,84,47,-6,11,69,158.0,0,6,1
1132,127,78,71,-7,15,91,309.0,12,4,9
1133,129,23,42,-17,22,20,232.0,63,4,3
1134,131,67,58,-12,5,45,235.0,8,4,2
1135,119,82,88,-10,18,95,365.0,13,9,9
1136,134,80,65,-7,8,78,200.0,12,5,9
1137,156,97,31,-5,7,60,211.0,12,4,1
1138,125,67,42,-7,6,34,351.0,61,5,8
1139,146,34,51,-13,21,27,301.0,0,5,7
1140,116,87,64,-6,8,81,243.0,14,3,9
1141,118,53,67,-11,30,81,303.0,9,3,0
1142,119,60,83,-14,8,92,246.0,18,6,0
1143,82,52,48,-16,12,90,215.0,2,3,0
1144,115,73,71,-6,13,93,242.0,28,3,9
1145,120,66,79,-11,33,87,226.0,1,4,0
1146,167,74,49,-6,11,46,255.0,28,4,1
1147,106,68,63,-6,85,70,197.0,16,4,5
1148,114,54,81,-13,16,85,221.0,18,4,0
1149,122,57,87,-11,13,56,215.0,37,4,0
1150,133,64,55,-9,52,55,223.0,41,15,5
1151,101,75,36,-9,23,42,321.0,0,4,2
1152,125,93,62,-6,27,55,306.0,6,11,2
1153,117,54,59,-11,31,59,302.0,18,3,0
1154,81,62,63,-11,10,42,355.0,34,6,8
1155,127,79,46,-7,8,52,295.0,55,4,8
1156,140,98,32,-7,9,23,166.0,0,17,2
1157,110,53,93,-6,16,76,215.0,11,16,0
1158,188,70,31,-6,8,76,255.0,1,5,1
1159,87,57,60,-8,8,49,361.0,44,3,8
1160,116,26,67,-11,7,69,234.0,61,4,6
1161,127,77,53,-6,39,76,210.0,0,6,9
1162,77,76,60,-7,35,72,163.0,71,4,6
1163,133,72,68,-8,37,77,274.0,11,3,9
1164,169,70,44,-8,28,78,217.0,1,4,1
1165,129,84,65,-6,24,71,195.0,50,19,6
1166,117,92,64,-6,62,87,260.0,18,6,5
1167,151,32,38,-15,8,41,966.0,52,4,4
1168,127,38,56,-15,5,89,303.0,1,4,0
1169,137,69,49,-11,28,56,489.0,25,4,1
1170,133,38,51,-9,12,26,264.0,82,3,4
1171,120,74,71,-11,26,87,266.0,27,5,9
1172,178,29,30,-16,29,14,280.0,67,5,4
1173,103,72,92,-9,10,76,237.0,36,10,6
1174,105,78,55,-6,63,81,162.0,42,5,5
1175,194,93,49,-4,37,92,203.0,61,7,6
1176,118,63,76,-8,17,96,255.0,46,3,6
1177,82,45,51,-7,13,33,230.0,36,3,8
1178,175,72,31,-6,12,41,200.0,5,3,1
1179,170,28,47,-16,13,33,232.0,25,3,7
1180,136,92,37,-7,42,63,296.0,1,5,2
1181,145,89,64,-5,34,94,167.0,14,4,9
1182,110,89,64,-7,16,97,199.0,9,3,9
1183,151,43,63,-16,11,95,264.0,23,4,0
1184,179,36,53,-11,24,17,452.0,28,4,7
1185,131,53,87,-13,20,96,250.0,1,8,0
1186,119,88,72,-9,9,96,243.0,20,4,9
1187,143,76,56,-7,8,93,214.0,0,3,9
1188,131,42,88,-15,18,97,308.0,4,5,0
1189,140,51,80,-9,4,52,243.0,5,6,0
1190,121,32,50,-14,38,28,321.0,72,5,4
1191,190,24,45,-14,7,30,336.0,55,3,4
1192,119,75,50,-9,45,51,251.0,13,4,5
1193,108,39,80,-15,5,74,349.0,5,4,0
1194,94,38,56,-15,14,60,207.0,14,3,0
1195,82,77,56,-10,12,43,261.0,12,3,2
1196,122,93,63,-4,9,97,213.0,4,4,9
1197,82,40,65,-15,7,86,237.0,48,4,6
1198,117,79,61,-6,57,91,274.0,16,3,5
1199,145,51,52,-8,29,65,154.0,48,4,6
1200,76,24,18,-15,11,12,235.0,42,4,3
1201,121,73,40,-6,20,49,243.0,32,4,2
1202,118,74,73,-8,21,96,237.0,18,4,9
1203,172,60,53,-10,7,71,271.0,31,3,0
1204,79,35,62,-14,9,66,206.0,46,3,6
1205,93,37,67,-18,5,73,296.0,26,3,0
1206,125,59,38,-10,27,28,859.0,2,3,7
1207,114,71,67,-8,10,47,248.0,42,5,8
1208,112,32,38,-12,12,12,295.0,73,3,3
1209,84,10,55,-20,8,7,407.0,70,3,3
1210,117,65,92,-3,4,85,294.0,2,4,9
1211,174,94,25,-5,16,46,234.0,3,7,1
1212,119,76,66,-7,9,54,478.0,1,4,2
1213,112,42,82,-13,8,52,276.0,56,3,8
1214,78,51,38,-13,21,74,331.0,2,4,0
1215,111,42,56,-8,41,45,269.0,91,7,8
1216,115,60,62,-8,12,58,228.0,14,4,0
1217,141,66,58,-14,7,66,361.0,1,4,0
1218,119,73,87,-8,8,63,379.0,14,8,9
1219,204,41,62,-12,9,74,252.0,68,4,6
1220,114,19,69,-19,17,32,245.0,67,3,3
1221,107,66,45,-7,26,78,287.0,66,5,6
1222,159,57,35,-14,6,44,299.0,49,12,4
1223,170,70,75,-9,6,87,351.0,18,14,9
1224,98,94,62,-5,7,76,176.0,3,3,9
1225,125,55,44,-10,18,49,251.0,13,4,7
1226,73,26,52,-14,14,20,213.0,76,3,3
1227,94,60,81,-10,6,75,239.0,12,6,0
1228,170,35,56,-14,20,72,247.0,43,3,6
1229,93,51,62,-10,26,69,246.0,54,3,6
1230,114,71,57,-9,16,67,333.0,35,3,6
1231,113,83,74,-6,38,82,189.0,8,12,9
1232,127,82,89,-5,13,96,239.0,23,4,9
1233,122,92,85,-4,6,90,362.0,2,4,9
1234,121,67,60,-7,26,56,264.0,62,3,6
1235,159,54,58,-8,8,55,259.0,5,3,1
1236,176,26,31,-19,7,19,423.0,15,3,7
1237,101,94,54,-7,4,74,279.0,40,5,9
1238,117,45,82,-10,7,74,254.0,54,3,6
1239,83,88,56,-9,38,67,408.0,38,6,9
1240,95,56,57,-7,11,50,232.0,10,5,2
1241,125,71,69,-7,12,88,217.0,23,3,9
1242,177,90,50,-7,14,77,183.0,36,18,9
1243,115,74,65,-7,15,63,458.0,1,6,9
1244,134,63,65,-10,11,87,257.0,2,3,0
1245,125,80,74,-6,26,89,269.0,18,4,9
1246,120,79,54,-6,17,48,290.0,0,3,2
1247,122,65,60,-11,13,71,201.0,3,6,0
1248,127,96,65,-11,64,94,335.0,4,5,5
1249,105,40,61,-15,5,71,244.0,10,3,0
1250,61,25,49,-14,10,6,251.0,41,4,3
1251,127,63,43,-12,11,74,220.0,3,4,0
1252,129,94,70,-3,60,79,198.0,7,5,5
1253,117,35,72,-11,11,64,197.0,20,4,0
1254,127,52,55,-13,11,60,287.0,34,3,0
1255,143,76,60,-12,10,84,409.0,6,5,9
1256,129,72,60,-8,8,56,308.0,50,4,6
1257,132,7,19,-24,11,4,148.0,95,4,3
1258,177,80,54,-9,8,89,220.0,7,3,9
1259,147,95,26,-6,99,61,287.0,0,10,5
1260,126,76,65,-8,23,61,295.0,1,3,9
1261,120,80,71,-5,35,73,238.0,22,3,9
1262,117,71,66,-9,65,81,266.0,3,5,5
1263,90,14,27,-16,9,13,211.0,93,4,3
1264,92,73,67,-7,19,89,253.0,23,4,9
1265,124,46,93,-9,6,76,256.0,14,31,0
1266,105,79,58,-7,6,91,226.0,1,3,9
1267,113,45,37,-10,69,19,521.0,4,3,7
1268,132,82,70,-7,35,83,340.0,44,3,6
1269,171,34,28,-13,13,23,277.0,72,3,4
1270,139,83,51,-6,7,77,216.0,2,4,9
1271,112,50,74,-8,19,66,348.0,18,4,0
1272,137,74,43,-9,10,23,294.0,0,3,2
1273,99,68,37,-9,9,34,368.0,1,3,2
1274,89,45,62,-14,7,87,156.0,59,3,6
1275,106,84,46,-7,78,71,228.0,0,3,5
1276,113,93,26,-7,11,28,417.0,0,11,2
1277,149,94,53,-6,19,50,241.0,1,4,2
1278,137,48,49,-9,24,33,227.0,42,3,8
1279,126,99,73,-5,44,84,353.0,1,5,9
1280,81,47,48,-10,13,42,305.0,19,3,7
1281,122,95,40,-6,10,58,279.0,0,6,2
1282,81,61,58,-10,11,46,278.0,16,6,7
1283,117,34,65,-12,7,39,280.0,49,4,8
1284,111,85,64,-8,68,84,241.0,22,4,5
1285,123,16,46,-17,18,10,333.0,38,3,3
1286,177,55,52,-14,18,91,289.0,50,4,6
1287,115,57,59,-10,9,47,434.0,36,4,8
1288,129,92,74,-5,8,93,306.0,11,4,9
1289,110,31,40,-10,37,28,260.0,34,3,7
1290,118,82,78,-7,8,91,358.0,6,3,9
1291,117,96,57,-5,12,98,255.0,5,3,9
1292,126,80,63,-8,40,87,232.0,20,3,9
1293,140,59,38,-7,12,34,243.0,5,3,1
1294,135,58,69,-11,12,94,302.0,29,3,0
1295,135,75,73,-10,20,64,179.0,9,3,9
1296,86,42,30,-9,23,33,262.0,22,3,7
1297,196,93,31,-6,11,38,280.0,2,13,1
1298,82,57,62,-12,6,90,231.0,27,4,0
1299,79,27,34,-16,26,14,210.0,61,3,3
1300,127,81,56,-6,29,64,233.0,1,3,9
1301,81,25,39,-11,10,20,177.0,79,4,3
1302,115,78,62,-9,22,63,252.0,7,3,9
1303,110,8,52,-20,10,10,408.0,75,3,3
1304,98,41,75,-15,34,24,286.0,7,4,7
1305,115,70,68,-13,5,69,237.0,33,4,0
1306,130,62,54,-13,37,20,208.0,0,4,7
1307,144,91,59,-8,60,93,244.0,15,4,5
1308,115,68,43,-7,21,51,229.0,5,3,2
1309,191,93,40,-7,9,73,408.0,0,6,1
1310,154,95,35,-5,56,86,240.0,0,5,5
1311,79,44,22,-9,12,13,419.0,50,4,7
1312,106,66,65,-10,19,45,356.0,45,5,8
1313,134,66,67,-9,6,66,506.0,5,4,0
1314,90,55,50,-13,10,45,244.0,45,3,8
1315,172,94,46,-7,12,80,252.0,44,11,9
1316,84,90,57,-8,9,88,225.0,2,5,9
1317,129,46,78,-14,22,66,195.0,46,4,6
1318,103,91,57,-4,13,56,289.0,8,4,2
1319,86,51,71,-9,10,52,270.0,58,3,8
1320,108,55,63,-13,6,20,299.0,72,6,8
1321,113,25,68,-17,8,81,310.0,70,3,6
1322,117,47,73,-13,14,58,284.0,17,4,0
1323,87,66,63,-9,7,75,343.0,12,3,0
1324,112,80,65,-12,10,54,251.0,35,5,0
1325,109,60,82,-9,9,55,246.0,13,3,0
1326,116,28,44,-18,18,20,238.0,46,4,3
1327,131,82,60,-14,13,74,205.0,12,4,9
1328,121,67,76,-13,7,91,215.0,21,4,0
1329,123,41,70,-14,14,26,394.0,72,3,8
1330,110,71,66,-8,15,63,259.0,4,3,9
1331,94,13,60,-21,11,11,511.0,93,3,3
1332,185,52,73,-11,8,96,203.0,7,12,0
1333,114,46,69,-12,6,70,312.0,25,3,0
1334,99,50,29,-14,11,44,344.0,13,4,7
1335,98,94,51,-10,14,50,394.0,17,4,2
1336,110,47,66,-16,5,66,238.0,2,3,0
1337,131,31,50,-16,12,25,291.0,48,3,4
1338,143,83,54,-6,17,71,178.0,11,3,9
1339,174,61,76,-13,11,86,189.0,8,7,0
1340,125,6,41,-22,10,18,240.0,67,4,3
1341,73,45,53,-15,7,29,427.0,19,4,7
1342,180,95,44,-8,39,36,258.0,3,6,1
1343,117,67,60,-8,11,30,224.0,4,3,2
1344,119,81,62,-8,5,58,354.0,47,5,6
1345,105,83,54,-9,15,56,515.0,0,4,2
1346,90,100,28,-4,15,10,291.0,0,16,2
1347,123,89,53,-4,29,80,249.0,8,3,9
1348,118,71,73,-9,8,85,291.0,63,3,6
1349,161,26,54,-16,8,36,394.0,83,5,4
1350,104,6,49,-24,10,6,409.0,83,4,3
1351,130,78,67,-6,12,70,264.0,2,4,9
1352,118,84,54,-7,6,19,310.0,6,6,2
1353,101,31,61,-15,6,28,302.0,70,3,3
1354,123,13,50,-18,36,21,401.0,35,8,7
1355,128,76,78,-8,8,82,280.0,18,5,9
1356,82,42,44,-17,7,55,237.0,1,4,0
1357,115,91,63,-7,23,81,287.0,4,4,9
1358,92,80,53,-8,4,94,269.0,0,3,9
1359,136,77,52,-6,14,88,245.0,4,3,9
1360,123,96,54,-3,34,81,223.0,7,5,9
1361,77,29,55,-17,4,49,256.0,33,3,8
1362,120,92,46,-7,34,33,311.0,4,26,2
1363,111,68,79,-10,22,88,349.0,78,4,6
1364,114,77,56,-9,21,43,338.0,7,4,2
1365,75,53,44,-8,34,35,247.0,4,3,7
1366,111,27,90,-12,5,74,226.0,1,9,0
1367,134,38,44,-16,7,30,192.0,66,3,4
1368,150,80,25,-4,31,25,309.0,13,4,1
1369,172,14,39,-17,10,26,226.0,79,4,4
1370,135,90,40,-5,54,84,193.0,7,4,5
1371,115,8,67,-27,17,28,228.0,67,4,3
1372,174,54,65,-13,19,90,255.0,12,3,0
1373,111,86,56,-8,23,94,418.0,0,3,9
1374,120,32,43,-21,98,52,193.0,20,17,5
1375,96,68,64,-8,4,47,312.0,4,4,2
1376,132,93,64,-6,13,90,271.0,14,3,9
1377,111,69,58,-12,14,53,298.0,61,3,8
1378,106,58,76,-13,6,94,310.0,1,5,0
1379,82,28,52,-18,26,41,230.0,6,3,7
1380,88,63,53,-13,8,75,228.0,6,5,0
1381,89,65,62,-9,7,63,330.0,6,4,0
1382,134,86,50,-6,8,42,209.0,1,7,2
1383,91,27,40,-16,26,29,228.0,88,7,3
1384,110,31,67,-14,11,27,353.0,41,3,8
1385,113,95,65,-7,29,61,286.0,1,4,9
1386,131,88,66,-6,7,84,210.0,34,3,9
1387,96,32,61,-15,14,29,209.0,63,5,3
1388,125,95,45,-5,11,62,356.0,9,5,2
1389,110,43,54,-12,14,11,296.0,0,3,7
1390,126,72,49,-10,16,29,338.0,1,4,2
1391,101,77,56,-9,9,66,277.0,1,4,9
1392,100,98,27,-6,18,40,406.0,2,10,2
1393,82,20,32,-21,9,29,236.0,91,4,3
1394,102,35,67,-18,9,65,267.0,40,4,0
1395,116,31,32,-9,44,18,391.0,48,3,4
1396,124,99,45,-4,27,32,273.0,2,9,2
1397,99,51,60,-11,11,60,274.0,20,2,0
1398,118,98,85,-4,31,60,258.0,25,8,9
1399,120,30,46,-13,11,33,355.0,69,3,4
1400,115,49,73,-11,9,73,227.0,26,3,0
1401,140,90,23,-7,96,49,239.0,0,6,5
1402,175,45,42,-13,10,17,219.0,64,4,4
1403,198,52,70,-7,8,55,303.0,1,10,1
1404,85,50,42,-11,6,27,206.0,55,3,8
1405,97,69,67,-6,17,28,186.0,5,3,2
1406,90,82,29,-7,16,24,275.0,1,4,2
1407,121,8,50,-22,11,13,252.0,97,5,3
1408,118,67,75,-13,32,70,304.0,2,4,0
1409,87,35,39,-7,17,44,142.0,86,3,3
1410,113,94,73,-12,15,92,213.0,14,4,9
1411,95,20,54,-19,33,23,257.0,86,3,3
1412,119,82,71,-9,9,87,291.0,21,5,9
1413,156,41,45,-11,12,32,245.0,74,3,4
1414,129,16,63,-21,12,18,239.0,93,3,3
1415,114,85,88,-5,14,54,298.0,5,15,9
1416,128,84,49,-5,35,56,198.0,0,4,2
1417,114,89,79,-4,7,39,247.0,0,4,2
1418,134,45,60,-13,10,78,174.0,1,3,0
1419,99,64,44,-7,64,25,286.0,53,6,5
1420,125,70,63,-11,12,80,232.0,19,3,0
1421,119,63,71,-10,10,63,222.0,3,3,0
1422,113,84,71,-8,30,86,246.0,16,4,9
1423,126,73,70,-12,3,95,255.0,15,3,9
1424,127,86,54,-6,25,29,299.0,25,4,2
1425,153,64,36,-10,13,45,272.0,1,4,1
1426,106,52,72,-12,21,82,288.0,71,3,6
1427,206,89,38,-9,3,80,247.0,3,4,1
1428,180,76,26,-7,23,43,284.0,6,4,1
1429,153,74,45,-10,23,94,201.0,2,6,9
1430,169,83,55,-11,22,91,241.0,9,3,9
1431,105,55,75,-7,13,45,233.0,46,10,8
1432,125,47,60,-14,11,53,318.0,70,3,8
1433,103,69,44,-9,42,43,446.0,0,6,2
1434,104,29,71,-16,13,19,297.0,31,4,7
1435,120,34,82,-16,50,79,254.0,14,4,0
1436,127,39,74,-17,9,59,382.0,38,3,0
1437,102,65,56,-13,6,60,269.0,23,3,0
1438,141,98,31,-3,26,63,211.0,9,10,1
1439,102,72,59,-13,93,72,255.0,20,5,5
1440,181,62,61,-17,45,96,210.0,24,8,0
1441,110,53,52,-14,5,35,252.0,7,3,7
1442,101,84,60,-13,6,64,324.0,4,4,0
1443,125,69,63,-10,16,89,218.0,12,3,9
1444,132,63,55,-12,37,79,186.0,3,3,0
1445,186,44,24,-11,7,40,390.0,11,3,1
1446,142,18,44,-16,24,35,358.0,84,3,4
1447,125,28,53,-14,18,6,659.0,24,3,7
1448,116,67,65,-11,13,59,254.0,5,4,0
1449,129,74,48,-10,5,60,218.0,1,8,2
1450,98,41,58,-16,6,53,310.0,13,3,0
1451,115,31,69,-17,10,56,266.0,80,3,3
1452,86,58,54,-5,11,34,328.0,11,3,2
1453,119,65,32,-6,24,47,272.0,50,3,8
1454,98,42,52,-13,7,31,330.0,58,3,8
1455,122,31,72,-19,9,51,335.0,9,4,0
1456,74,42,69,-11,8,47,193.0,8,3,0
1457,125,76,64,-12,13,64,219.0,1,5,0
1458,103,69,52,-11,11,93,229.0,10,3,0
1459,115,77,68,-6,25,71,200.0,11,3,9
1460,82,38,68,-10,10,23,337.0,42,3,8
1461,84,37,45,-16,8,26,274.0,48,3,3
1462,115,56,78,-11,7,94,292.0,7,3,0
1463,115,69,57,-11,5,57,377.0,60,28,6
1464,102,56,78,-7,6,37,322.0,74,3,8
1465,90,41,63,-13,31,70,291.0,6,3,0
1466,132,88,49,-5,37,52,282.0,0,3,2
1467,119,91,28,-6,18,26,270.0,3,11,2
1468,92,84,41,-6,37,39,242.0,3,5,2
1469,142,85,53,-12,30,91,239.0,31,4,9
1470,139,52,51,-6,12,23,243.0,38,3,8
1471,144,48,34,-10,14,18,260.0,28,3,7
1472,94,56,72,-11,6,59,250.0,19,3,0
1473,104,74,66,-10,12,75,330.0,11,3,9
1474,90,86,57,-6,36,31,248.0,6,9,2
1475,147,18,36,-19,10,25,233.0,13,3,7
1476,87,33,63,-15,13,64,229.0,83,3,3
1477,130,68,64,-12,5,71,225.0,1,4,0
1478,102,25,96,-13,4,80,228.0,16,6,0
1479,160,61,43,-8,6,37,391.0,2,3,1
1480,102,59,77,-12,27,72,262.0,12,3,0
1481,126,67,51,-5,31,36,328.0,29,3,2
1482,94,35,64,-9,11,20,204.0,49,3,8
1483,84,45,62,-13,6,57,256.0,21,3,0
1484,153,45,69,-13,7,70,342.0,3,4,0
1485,174,89,36,-7,13,26,294.0,2,12,1
1486,91,37,75,-10,11,47,287.0,27,3,8
1487,145,97,71,-5,36,90,288.0,8,5,9
1488,172,80,21,-7,36,68,377.0,1,4,1
1489,132,29,55,-12,4,12,395.0,33,3,7
1490,115,88,66,-4,27,88,292.0,18,3,9
1491,140,81,61,-8,22,82,210.0,34,3,9
1492,116,39,65,-12,32,60,177.0,2,3,0
1493,92,65,48,-6,55,54,301.0,16,3,5
1494,120,79,70,-7,33,56,238.0,19,4,9
1495,108,57,66,-10,12,50,240.0,24,3,0
1496,134,82,72,-6,85,87,322.0,3,5,5
1497,134,89,50,-5,22,26,293.0,0,4,2
1498,120,32,74,-13,8,29,193.0,72,3,8
1499,113,81,64,-8,8,82,257.0,16,3,9
1500,170,39,19,-14,12,32,371.0,26,4,7
1501,152,52,45,-10,10,25,312.0,32,4,7
1502,120,57,51,-7,11,16,280.0,4,3,7
1503,140,63,46,-6,12,10,348.0,5,3,7
1504,112,68,60,-11,30,71,258.0,21,3,0
1505,138,57,37,-11,9,30,246.0,2,3,7
1506,144,59,62,-11,5,65,253.0,4,3,0
1507,81,42,15,-12,21,17,273.0,43,3,7
1508,131,86,74,-8,7,78,271.0,18,4,9
1509,109,51,74,-16,14,90,210.0,2,3,0
1510,92,13,63,-15,11,24,334.0,47,3,3
1511,81,65,52,-7,26,72,259.0,34,3,6
1512,75,19,49,-16,22,21,248.0,72,4,3
1513,167,61,38,-12,26,70,226.0,11,3,1
1514,156,48,62,-9,23,73,259.0,6,9,0
1515,104,79,59,-4,31,96,188.0,0,4,9
1516,77,68,36,-6,34,20,343.0,32,3,7
1517,85,40,52,-13,8,63,221.0,21,3,0
1518,80,64,29,-9,11,23,536.0,2,3,7
1519,142,36,56,-11,8,17,389.0,5,3,7
1520,117,91,50,-5,11,72,302.0,0,6,9
1521,73,73,21,-6,30,17,393.0,18,6,7
1522,75,88,28,-6,40,60,341.0,1,4,2
1523,123,82,58,-9,6,64,332.0,0,3,9
1524,87,40,14,-9,12,4,295.0,58,4,3
1525,85,35,56,-13,14,46,264.0,6,5,7
1526,175,79,46,-10,11,86,234.0,1,8,9
1527,83,69,31,-7,11,18,278.0,41,3,7
1528,126,86,67,-5,10,80,268.0,18,3,9
1529,120,82,50,-6,9,54,219.0,0,4,2
1530,109,85,28,-6,18,29,318.0,4,4,2
1531,181,53,39,-9,16,33,276.0,25,4,1
1532,132,74,50,-7,11,38,336.0,2,4,2
1533,139,60,54,-10,13,25,387.0,1,3,7
1534,113,40,69,-10,6,55,255.0,37,3,8
1535,123,66,68,-6,6,49,257.0,0,4,2
1536,132,49,72,-12,11,97,216.0,73,4,6
1537,89,76,36,-8,37,17,564.0,1,3,2
1538,105,94,39,-7,30,27,293.0,0,8,2
1539,127,79,43,-5,13,51,218.0,32,9,2
1540,89,85,63,-6,6,43,325.0,0,3,2
1541,117,61,53,-10,12,53,401.0,1,3,2
1542,125,59,46,-9,10,24,284.0,0,3,7
1543,131,37,53,-13,6,25,394.0,8,3,7
1544,103,75,35,-7,65,32,443.0,0,4,5
1545,174,90,41,-8,19,67,273.0,43,3,1
1546,81,49,53,-8,10,10,384.0,54,5,8
1547,160,85,58,-7,12,91,187.0,7,10,9
1548,132,27,32,-11,17,15,302.0,58,4,4
1549,92,94,67,-10,15,78,283.0,0,5,9
1550,89,26,52,-17,9,49,170.0,82,3,3
1551,130,51,57,-9,30,33,253.0,55,4,8
1552,117,77,65,-10,36,95,242.0,21,3,9
1553,153,78,26,-9,12,26,183.0,1,6,1
1554,157,88,44,-5,21,51,255.0,0,6,1
1555,94,61,64,-13,21,89,224.0,25,3,0
1556,125,91,45,-4,23,81,226.0,3,4,9
1557,104,82,72,-7,24,82,249.0,15,3,9
1558,116,83,64,-6,19,31,263.0,57,5,8
1559,98,64,48,-12,8,73,202.0,6,3,0
1560,81,55,55,-10,7,29,285.0,5,3,7
1561,108,53,91,-9,5,90,241.0,50,5,6
1562,104,60,66,-9,10,26,399.0,13,3,7
1563,125,15,59,-17,24,11,333.0,85,3,3
1564,91,61,74,-11,6,89,221.0,9,8,0
1565,100,66,67,-8,11,70,244.0,0,3,0
1566,99,67,69,-6,12,71,255.0,20,5,9
1567,120,57,61,-12,16,39,385.0,9,3,7
1568,89,83,47,-4,3,66,314.0,3,30,2
1569,110,87,31,-6,23,23,438.0,0,6,2
1570,165,60,31,-6,21,16,394.0,10,3,1
1571,94,32,47,-10,12,17,320.0,62,3,3
1572,106,67,56,-7,9,60,243.0,2,3,2
1573,94,52,56,-12,94,64,289.0,32,5,5
1574,67,21,31,-13,8,11,271.0,84,4,3
1575,114,39,57,-11,10,57,258.0,80,3,8
1576,74,30,43,-14,23,16,278.0,70,3,3
1577,101,83,31,-8,9,59,207.0,0,4,2
1578,136,76,53,-12,34,51,214.0,0,3,2
1579,125,77,65,-8,10,40,252.0,0,3,2
1580,119,70,67,-8,20,66,314.0,42,3,6
1581,120,79,66,-7,6,71,240.0,5,3,9
1582,134,56,56,-10,11,45,296.0,16,3,7
1583,138,55,33,-6,9,23,224.0,31,3,7
1584,144,94,43,-5,14,47,314.0,1,4,2
1585,131,59,43,-12,36,46,345.0,22,3,7
1586,113,31,65,-12,12,41,303.0,53,3,8
1587,143,43,47,-12,23,24,271.0,18,3,7
1588,160,98,41,-4,8,35,323.0,0,5,1
1589,142,28,39,-13,14,40,196.0,50,3,4
1590,107,71,85,-6,17,82,215.0,1,8,9
1591,115,52,65,-14,10,45,389.0,0,3,0
1592,176,47,35,-14,77,56,312.0,77,20,4
1593,123,92,51,-3,21,46,319.0,1,6,2
1594,147,87,64,-11,11,61,298.0,0,6,9
1595,145,44,42,-9,14,30,230.0,22,3,7
1596,153,40,54,-10,16,24,289.0,58,4,4
1597,102,51,49,-13,7,67,208.0,1,6,0
1598,144,55,27,-8,12,20,374.0,3,3,7
1599,91,47,53,-9,13,12,294.0,28,2,7
1600,124,65,76,-15,9,86,332.0,21,3,0
1601,118,97,57,-4,8,57,347.0,0,5,2
1602,148,48,39,-9,26,57,217.0,62,3,4
1603,92,43,52,-10,13,10,239.0,1,4,7
1604,171,50,40,-11,11,37,327.0,8,7,1
1605,104,34,65,-12,7,32,222.0,37,2,8
1606,86,83,41,-8,17,65,263.0,0,3,2
1607,95,43,44,-15,14,20,275.0,8,3,7
1608,76,56,59,-15,8,84,388.0,11,4,0
1609,105,67,42,-6,41,30,316.0,62,9,8
1610,84,37,54,-10,8,24,279.0,69,3,3
1611,116,62,80,-13,32,64,199.0,2,5,0
1612,140,65,47,-10,14,40,340.0,1,3,1
1613,130,42,53,-10,14,22,197.0,14,3,7
1614,142,82,58,-7,28,73,272.0,18,4,9
1615,203,64,26,-10,9,38,281.0,20,6,1
1616,97,70,62,-10,6,73,234.0,1,3,0
1617,119,53,47,-10,18,77,174.0,0,3,0
1618,174,33,38,-13,21,20,331.0,74,3,4
1619,93,26,33,-15,12,42,283.0,0,3,7
1620,176,60,50,-9,22,47,289.0,6,3,1
1621,129,67,62,-10,33,78,212.0,0,4,9
1622,98,41,85,-12,9,79,227.0,22,7,0
1623,159,96,37,-5,35,44,283.0,0,7,1
1624,132,47,57,-6,15,26,241.0,74,4,8
1625,139,43,57,-9,8,36,233.0,60,3,8
1626,112,75,42,-11,7,23,170.0,1,5,2
1627,94,48,31,-9,8,19,331.0,14,3,7
1628,98,54,64,-13,28,94,181.0,49,3,6
1629,116,85,54,-7,31,31,188.0,2,4,2
1630,113,63,45,-12,9,36,233.0,8,3,7
1631,167,64,31,-9,37,31,306.0,2,3,1
1632,97,14,32,-10,18,8,414.0,93,3,3
1633,90,26,75,-15,12,13,206.0,70,4,3
1634,90,43,39,-9,11,43,326.0,24,4,7
1635,105,83,35,-5,8,15,319.0,0,4,2
1636,115,75,48,-9,26,42,261.0,43,8,8
1637,85,94,44,-3,9,78,182.0,0,6,9
1638,109,59,57,-8,69,36,306.0,67,6,5
1639,75,41,52,-13,35,28,511.0,20,3,7
1640,132,53,58,-7,31,22,288.0,68,3,8
1641,141,66,38,-6,8,33,353.0,12,3,1
1642,150,63,34,-7,7,35,241.0,16,4,1
1643,90,82,40,-7,37,10,231.0,0,5,2
1644,168,94,32,-7,10,54,178.0,3,10,1
1645,119,58,73,-7,3,96,259.0,24,3,0
1646,120,43,51,-10,6,21,309.0,18,4,7
1647,132,86,61,-9,26,64,243.0,3,4,9
1648,94,45,36,-10,28,14,271.0,6,2,7
1649,145,99,64,-7,16,17,378.0,1,5,2
1650,98,91,53,-4,23,81,178.0,2,3,9
1651,84,79,10,-4,36,18,277.0,0,4,2
1652,93,57,58,-8,8,37,235.0,25,2,7
1653,174,52,81,-14,10,59,213.0,6,30,0
1654,115,39,62,-12,91,44,196.0,68,4,5
1655,128,87,55,-4,22,19,322.0,3,4,2
1656,99,65,59,-9,13,39,245.0,22,3,2
1657,175,87,37,-5,23,48,259.0,0,4,1
1658,163,92,33,-4,13,34,290.0,6,6,1
1659,94,29,74,-13,9,44,195.0,29,3,8
1660,138,44,50,-8,9,14,406.0,48,3,8
1661,138,45,49,-12,18,13,254.0,31,3,7
1662,100,80,79,-6,11,27,319.0,43,4,8
1663,78,31,51,-10,13,22,223.0,93,5,3
1664,139,80,76,-6,17,91,258.0,3,4,9
1665,119,25,54,-12,14,14,250.0,52,4,3
1666,136,46,53,-6,18,29,266.0,70,3,8
1667,160,61,28,-8,11,16,290.0,28,4,1
1668,90,91,86,-6,32,73,284.0,21,13,9
1669,150,80,29,-5,36,12,448.0,47,4,1
1670,73,34,44,-13,11,30,219.0,48,3,3
1671,143,48,66,-9,12,64,191.0,64,4,6
1672,94,77,53,-6,26,45,212.0,1,3,2
1673,150,82,55,-9,4,57,217.0,2,5,2
1674,80,51,65,-10,40,39,241.0,7,6,7
1675,135,37,24,-8,9,30,251.0,84,3,4
1676,76,71,52,-7,18,54,264.0,25,4,2
1677,110,43,60,-10,17,27,336.0,29,3,7
1678,74,23,45,-13,20,13,291.0,17,3,7
1679,73,40,41,-8,16,21,259.0,58,3,8
1680,127,79,77,-10,5,96,266.0,2,3,9
1681,137,49,76,-11,21,88,257.0,67,3,6
1682,122,83,59,-6,38,58,325.0,10,4,2
1683,123,36,30,-9,10,15,240.0,81,3,4
1684,84,54,77,-7,13,32,280.0,37,10,8
1685,124,43,42,-12,25,4,300.0,68,4,4
1686,130,47,80,-9,32,59,344.0,25,4,0
1687,84,13,21,-14,96,17,272.0,73,3,3
1688,87,33,52,-14,12,12,267.0,58,3,3
1689,149,67,29,-9,24,22,255.0,0,4,1
1690,122,72,40,-9,5,48,258.0,0,6,2
1691,54,56,36,-6,31,14,230.0,18,3,7
1692,90,86,53,-3,13,44,443.0,0,3,2
1693,88,38,42,-12,9,35,257.0,7,3,7
1694,123,73,72,-6,8,62,333.0,21,4,9
1695,98,37,48,-15,12,17,277.0,66,4,3
1696,132,39,35,-10,15,36,153.0,22,3,7
1697,127,58,79,-10,17,26,527.0,18,4,7
1698,174,42,53,-12,8,19,411.0,31,3,7
1699,107,79,75,-5,5,89,221.0,5,3,9
1700,130,82,55,-7,6,77,240.0,7,3,9
1701,138,62,63,-7,16,50,225.0,54,3,8
1702,155,47,34,-11,10,16,237.0,38,3,7
1703,127,35,53,-15,15,73,193.0,12,3,0
1704,68,51,33,-9,37,29,215.0,40,6,7
1705,61,36,34,-11,33,9,312.0,11,3,7
1706,121,36,57,-10,17,9,236.0,51,3,8
1707,110,86,77,-6,16,89,173.0,10,3,9
1708,81,54,56,-9,16,31,207.0,9,3,7
1709,92,29,77,-17,57,51,299.0,3,14,0
1710,137,24,61,-16,11,16,331.0,24,3,7
1711,137,76,60,-11,6,39,243.0,0,3,2
1712,89,65,87,-5,28,67,305.0,30,29,9
1713,135,72,27,-10,84,34,455.0,2,6,5
1714,99,29,49,-8,18,4,317.0,65,3,3
1715,104,88,80,-7,14,82,281.0,19,4,9
1716,71,58,39,-7,22,38,295.0,47,3,8
1717,169,72,41,-8,8,31,189.0,0,4,1
1718,126,88,58,-7,15,79,253.0,20,5,9
1719,171,92,36,-6,41,52,357.0,3,5,1
1720,70,13,35,-14,17,29,161.0,85,4,3
1721,125,92,64,-6,33,72,234.0,0,4,9
1722,164,43,26,-13,19,55,198.0,55,3,4
1723,75,51,36,-9,17,32,264.0,6,3,7
1724,158,88,41,-6,8,36,251.0,0,4,1
1725,104,86,53,-5,24,86,291.0,19,3,9
1726,164,85,25,-7,5,19,387.0,4,6,1
1727,100,33,43,-9,14,36,206.0,89,3,3
1728,94,9,48,-18,11,22,256.0,89,4,3
1729,96,66,64,-6,30,33,264.0,1,3,2
1730,136,37,53,-12,9,22,284.0,73,4,4
1731,166,50,40,-12,10,68,257.0,83,4,4
1732,142,95,53,-5,16,38,280.0,0,8,2
1733,133,88,49,-5,27,25,396.0,0,4,2
1734,136,99,61,-5,11,23,343.0,0,15,2
1735,113,37,47,-5,19,22,160.0,25,3,7
1736,95,43,48,-8,16,65,153.0,18,3,0
1737,126,31,45,-8,17,37,250.0,98,3,4
1738,76,39,26,-11,11,12,229.0,6,3,7
1739,92,64,56,-8,14,61,234.0,49,3,6
1740,103,61,71,-14,8,88,195.0,4,3,0
1741,119,50,75,-9,9,34,258.0,1,4,7
1742,99,28,43,-12,12,4,280.0,73,3,3
1743,121,95,70,-4,9,89,192.0,64,7,6
1744,130,82,68,-6,4,32,335.0,1,5,2
1745,144,90,43,-4,21,60,279.0,0,4,2
1746,87,49,59,-8,6,35,283.0,14,2,7
1747,76,40,34,-9,11,7,291.0,76,4,3
1748,177,21,49,-11,10,22,179.0,96,4,4
1749,142,63,76,-10,4,93,181.0,35,31,6
1750,153,23,38,-12,13,15,225.0,85,3,4
1751,89,77,41,-8,24,43,388.0,51,4,8
1752,77,52,44,-9,15,18,305.0,18,3,7
1753,121,80,96,-5,9,84,430.0,0,15,9
1754,110,86,33,-7,97,38,319.0,5,5,5
1755,98,91,51,-7,17,46,206.0,1,4,2
1756,166,49,38,-12,11,21,211.0,24,6,7
1757,153,63,57,-9,27,79,300.0,13,4,9
1758,133,97,51,-4,19,53,305.0,0,4,2
1759,135,55,44,-8,54,26,347.0,49,3,8
1760,106,85,54,-6,60,60,299.0,7,3,5
1761,77,13,44,-19,18,13,239.0,81,4,3
1762,102,59,59,-7,8,36,278.0,0,3,2
1763,133,80,52,-6,61,63,257.0,0,3,5
1764,128,51,57,-13,13,28,435.0,4,3,7
1765,94,46,56,-7,21,45,270.0,38,2,8
1766,81,20,37,-14,30,14,205.0,71,4,3
1767,121,66,38,-5,25,14,299.0,17,3,7
1768,80,9,46,-15,8,31,282.0,97,3,3
1769,99,29,27,-10,11,15,244.0,86,3,3
1770,77,42,62,-9,14,22,331.0,2,4,7
1771,96,50,92,-10,7,56,194.0,1,10,0
1772,102,39,48,-11,8,25,340.0,23,3,7
1773,122,51,48,-10,17,51,242.0,38,4,8
1774,134,51,41,-9,69,38,257.0,52,4,5
1775,109,50,27,-9,10,13,266.0,28,3,7
1776,103,90,35,-6,39,53,256.0,0,5,2
1777,118,57,68,-9,9,65,313.0,10,3,0
1778,84,48,50,-8,20,47,190.0,48,9,8
1779,117,58,73,-8,10,55,268.0,2,3,0
1780,122,98,71,-7,76,58,255.0,3,5,5
1781,108,84,72,-5,24,68,238.0,26,5,9
1782,96,80,22,-6,9,26,291.0,0,4,2
1783,128,80,57,-8,9,21,281.0,2,3,2
1784,91,22,69,-15,11,47,233.0,92,6,3
1785,127,90,56,-6,57,80,267.0,12,10,5
1786,99,47,87,-10,13,64,234.0,62,4,6
1787,93,74,67,-8,20,77,282.0,14,19,9
1788,81,90,39,-7,11,20,255.0,4,7,2
1789,167,61,24,-8,22,33,258.0,66,3,4
1790,131,48,30,-12,73,24,231.0,77,6,4
1791,143,90,72,-4,7,96,189.0,9,10,9
1792,116,19,56,-13,11,12,321.0,73,3,3
1793,110,89,60,-9,17,53,323.0,10,5,2
1794,136,17,54,-13,9,24,238.0,74,5,4
1795,145,28,81,-15,21,81,206.0,58,3,6
1796,117,27,39,-14,11,17,275.0,17,3,7
1797,179,54,45,-7,6,61,266.0,68,3,4
1798,174,38,44,-11,10,19,263.0,36,3,4
1799,150,59,44,-7,10,25,266.0,15,3,1
1800,154,24,50,-12,13,31,272.0,84,3,4
1801,96,77,59,-3,13,33,330.0,0,3,2
1802,90,40,62,-10,15,35,254.0,9,2,7
1803,136,92,47,-4,26,54,235.0,0,4,2
1804,130,66,44,-8,10,18,270.0,20,7,7
1805,89,72,60,-5,11,55,216.0,8,3,2
1806,123,80,46,-3,8,51,255.0,0,6,2
1807,97,74,57,-6,9,66,258.0,6,3,9
1808,125,96,46,-5,9,37,261.0,0,7,2
1809,204,47,24,-8,12,39,205.0,31,4,1
1810,95,87,60,-7,8,65,256.0,57,4,6
1811,127,10,34,-16,10,26,205.0,81,3,3
1812,95,64,30,-8,25,33,241.0,0,3,7
1813,139,28,49,-12,11,16,237.0,65,3,4
1814,130,62,77,-8,9,51,217.0,10,4,0
1815,150,79,34,-6,14,43,264.0,0,4,1
1816,104,87,73,-6,9,78,200.0,4,3,9
1817,98,62,60,-7,8,5,265.0,0,3,7
1818,150,40,45,-12,6,17,332.0,3,3,7
1819,95,91,92,-2,9,31,162.0,3,27,2
1820,77,17,50,-16,14,25,263.0,95,3,3
1821,149,90,43,-5,61,68,167.0,1,5,5
1822,181,85,15,-5,9,29,268.0,0,5,1
1823,140,43,44,-10,14,26,269.0,54,3,4
1824,116,92,61,-4,30,96,295.0,16,3,9
1825,86,68,87,-6,9,82,268.0,4,32,9
1826,112,65,58,-8,11,13,286.0,1,3,7
1827,127,92,63,-5,11,36,290.0,12,5,2
1828,87,35,27,-9,33,33,180.0,55,3,3
1829,100,29,40,-14,11,34,182.0,94,3,3
1830,119,26,67,-14,6,37,147.0,45,5,8
1831,118,31,65,-9,7,61,180.0,57,4,8
1832,127,60,62,-9,7,96,179.0,72,3,6
1833,104,59,66,-8,35,78,158.0,62,3,6
1834,175,10,38,-21,6,44,165.0,91,5,4
1835,108,44,50,-10,13,71,169.0,67,3,6
1836,125,85,48,-9,4,94,155.0,64,5,6
1837,66,9,36,-18,11,19,187.0,92,5,3
1838,160,80,49,-10,7,97,174.0,27,4,9
1839,111,24,60,-17,25,47,217.0,89,4,3
1840,107,22,53,-14,11,33,185.0,84,3,3
1841,117,58,30,-7,10,23,271.0,0,3,7
1842,111,53,69,-10,28,78,156.0,19,3,0
1843,172,40,39,-8,8,59,192.0,89,3,4
1844,174,38,21,-10,30,45,191.0,72,3,4
1845,139,81,59,-6,10,80,154.0,14,4,9
1846,135,63,42,-7,59,81,245.0,75,8,6
1847,138,58,65,-8,12,74,164.0,41,4,6
1848,99,69,60,-11,33,76,206.0,2,3,0
1849,97,18,33,-12,9,32,126.0,88,3,3
1850,136,86,72,-8,13,93,223.0,4,3,9
1851,95,72,48,-7,19,56,370.0,73,3,8
1852,177,37,43,-12,11,65,125.0,18,4,0
1853,95,73,53,-8,10,76,140.0,19,3,9
1854,99,21,34,-17,18,29,218.0,40,3,3
1855,117,29,58,-13,11,67,162.0,65,3,6
1856,79,33,40,-9,19,55,174.0,86,4,3
1857,97,78,41,-9,8,71,199.0,31,6,9
1858,103,44,69,-11,11,44,146.0,45,3,8
1859,113,28,33,-11,18,37,165.0,72,3,4
1860,80,14,22,-15,11,13,267.0,86,3,3
1861,100,65,53,-9,11,42,179.0,29,4,8
1862,109,43,72,-12,10,67,186.0,7,4,0
1863,120,47,46,-10,44,64,149.0,51,3,6
1864,159,80,46,-9,40,61,202.0,5,9,1
1865,117,49,52,-8,6,48,173.0,25,3,7
1866,112,61,55,-10,5,64,162.0,35,3,6
1867,138,28,58,-9,31,81,127.0,94,4,6
1868,83,75,39,-7,14,27,215.0,78,4,8
1869,112,44,55,-14,44,63,187.0,53,7,6
1870,137,90,60,-7,7,62,219.0,4,5,9
1871,129,25,34,-16,11,30,190.0,65,3,4
1872,126,75,57,-5,9,90,180.0,40,3,6
1873,93,38,49,-12,10,53,150.0,83,3,3
1874,127,49,73,-14,9,80,222.0,30,4,0
1875,100,68,51,-8,8,79,185.0,36,4,6
1876,97,15,52,-20,12,21,174.0,13,3,7
1877,125,47,60,-8,6,49,211.0,10,3,0
1878,127,18,56,-15,15,37,123.0,83,4,3
1879,110,46,49,-9,57,71,208.0,74,3,6
1880,81,35,48,-10,12,71,120.0,78,3,6
1881,81,24,54,-17,13,57,167.0,69,4,3
1882,103,13,59,-15,26,7,202.0,19,6,7
1883,125,63,39,-7,13,72,153.0,72,3,6
1884,85,48,20,-5,7,17,269.0,47,3,7
1885,106,30,35,-12,14,3,703.0,16,3,7
1886,163,46,36,-14,92,18,337.0,29,7,5
1887,151,58,49,-11,41,91,183.0,18,4,0
1888,115,56,81,-5,5,97,148.0,16,4,9
1889,107,29,55,-13,9,32,151.0,49,3,8
1890,114,39,63,-10,10,65,182.0,41,4,6
1891,132,17,41,-16,11,35,229.0,92,4,3
1892,169,77,35,-6,2,53,210.0,1,4,1
1893,133,47,40,-8,11,39,219.0,33,3,7
1894,125,73,41,-6,9,44,430.0,37,3,2
1895,98,50,39,-12,7,29,247.0,34,18,7
1896,95,40,54,-11,10,23,341.0,70,3,3
1897,71,53,52,-8,5,43,146.0,18,8,7
1898,144,26,36,-11,11,49,179.0,91,3,4
1899,119,47,70,-9,32,76,130.0,69,4,6
1900,80,50,50,-11,20,34,201.0,35,5,8
1901,96,67,45,-9,80,58,123.0,9,7,5
1902,65,33,31,-9,14,67,208.0,5,3,7
1903,109,91,53,-5,7,49,171.0,1,8,2
1904,105,55,52,-11,17,52,196.0,83,3,8
1905,103,48,40,-8,16,65,230.0,35,3,6
1906,76,44,31,-7,51,22,258.0,41,3,7
1907,140,24,70,-13,9,66,158.0,63,5,6
1908,82,24,55,-14,12,33,413.0,18,4,7
1909,85,56,40,-11,59,65,276.0,8,5,5
1910,114,66,60,-13,7,91,139.0,54,6,6
1911,130,60,66,-11,18,80,152.0,43,3,6
1912,112,67,50,-6,22,48,179.0,5,3,2
1913,128,21,38,-12,11,39,215.0,94,3,4
1914,80,78,53,-6,22,96,167.0,71,4,6
1915,108,69,51,-7,17,42,194.0,16,2,2
1916,115,48,68,-13,12,78,250.0,48,4,6
1917,90,75,42,-10,17,79,146.0,20,5,9
1918,132,58,50,-9,32,65,175.0,41,3,6
1919,95,41,54,-13,10,82,185.0,16,3,0
1920,90,38,42,-13,27,52,182.0,73,3,3
1921,112,52,46,-9,28,35,256.0,65,3,8
1922,104,37,77,-11,8,54,164.0,68,3,8
1923,94,13,69,-14,6,37,138.0,75,3,3
1924,100,73,39,-8,10,62,272.0,0,3,2
1925,115,65,45,-9,17,70,285.0,2,3,0
1926,113,81,44,-6,8,56,241.0,0,6,2
1927,184,53,41,-9,31,41,206.0,19,3,1
1928,133,36,59,-14,6,50,217.0,48,4,8
1929,111,32,65,-9,19,28,167.0,21,3,7
1930,110,58,55,-13,4,46,298.0,19,3,7
1931,92,46,61,-14,7,81,244.0,71,5,6
1932,77,17,27,-21,12,20,139.0,73,4,3
1933,167,52,18,-8,6,42,222.0,39,3,1
1934,144,55,63,-9,10,52,274.0,37,5,8
1935,122,72,62,-10,76,89,176.0,20,4,5
1936,176,91,21,-7,5,45,313.0,48,39,1
1937,130,62,44,-11,17,70,517.0,6,3,0
1938,146,73,44,-12,24,54,213.0,26,10,1
1939,80,29,26,-10,16,25,198.0,14,3,7
1940,102,44,48,-14,6,42,148.0,1,3,7
1941,99,56,45,-9,5,61,191.0,24,3,0
1942,145,46,31,-9,13,43,188.0,16,3,7
1943,170,34,25,-16,14,37,450.0,80,3,4
1944,83,43,48,-6,15,61,157.0,69,2,8
1945,126,49,51,-10,11,65,180.0,26,3,0
1946,142,97,48,-7,6,49,163.0,7,9,2
1947,110,64,52,-6,32,66,180.0,57,3,6
1948,129,54,56,-10,18,39,186.0,3,3,7
1949,140,44,30,-13,18,43,319.0,7,3,7
1950,119,63,63,-8,17,49,271.0,45,3,8
1951,117,38,49,-11,41,71,261.0,4,3,0
1952,90,90,41,-12,41,42,334.0,5,41,2
1953,63,13,53,-16,24,58,204.0,61,3,3
1954,133,66,64,-8,15,66,141.0,20,4,0
1955,89,27,40,-17,11,49,167.0,72,3,3
1956,179,77,51,-6,6,94,142.0,6,3,9
1957,86,62,32,-10,25,47,449.0,64,6,8
1958,145,43,31,-11,10,31,312.0,29,6,7
1959,75,38,40,-7,12,23,277.0,70,3,3
1960,165,38,53,-12,9,19,260.0,3,4,7
1961,134,34,40,-11,14,38,182.0,20,3,7
1962,136,6,32,-22,14,26,191.0,83,4,3
1963,95,72,27,-6,6,26,320.0,1,3,2
1964,128,76,69,-6,8,96,188.0,46,4,6
1965,182,50,40,-11,13,82,149.0,39,8,6
1966,124,72,54,-9,26,47,181.0,2,4,2
1967,80,45,39,-10,19,39,240.0,0,3,7
1968,121,39,72,-17,5,79,187.0,16,3,0
1969,129,44,54,-9,40,37,215.0,61,5,8
1970,103,59,47,-10,14,22,202.0,20,14,7
1971,117,39,68,-16,11,55,315.0,7,5,0
1972,101,42,48,-10,14,47,197.0,9,3,7
1973,91,46,55,-9,10,54,325.0,34,3,8
1974,87,55,27,-10,10,43,386.0,4,5,7
1975,118,62,48,-10,14,19,320.0,6,3,7
1976,156,30,40,-15,10,19,249.0,63,3,4
1977,108,54,86,-9,7,87,166.0,58,8,6
1978,197,71,31,-9,26,67,151.0,0,10,1
1979,121,3,31,-22,16,14,261.0,73,4,3
1980,109,90,43,-5,12,77,190.0,41,7,9
1981,89,55,38,-9,31,25,263.0,4,3,7
1982,75,66,40,-10,17,51,413.0,77,12,8
1983,127,87,41,-6,83,65,1.292,0,4,5
1984,129,41,46,-11,28,44,173.0,5,4,7
1985,154,36,45,-13,20,30,444.0,47,4,4
1986,95,66,56,-8,14,96,119.0,65,6,6
1987,167,58,65,-10,7,92,146.0,41,8,6
1988,119,24,75,-15,9,43,216.0,83,12,3
1989,168,7,17,-21,14,10,298.0,92,3,4
1990,94,21,70,-12,11,72,128.0,84,7,6
1991,175,76,36,-8,76,95,136.0,73,6,5
1992,168,80,53,-9,31,97,162.0,74,7,6
1993,174,26,45,-13,7,60,324.0,54,4,4
1994,133,50,49,-10,16,83,148.0,74,3,6
